Indicador,Valor,Unidad de medida,Definición,Mes,Año,Empresa
Ingreso Materia Bruta Prima Propia,269442,Kilos,Total Kilos mmpp de centros de la empresa ingresados a planta al mes,9,2021,SA Chonchi
Ingreso Materia Prima Neta o Pagada Propia,223038,Kilos,Total Kilos mmpp de centros de la empresa ingresados a planta después de descuentos por calidad al mes. Es la mmpp Pagada,9,2021,SA Chonchi
Unidades por kilo mmpp propia*,60,uni/kg,Promedio Ponderado del Número de Mejillones por kilos de mmpp Neta propia al mes,9,2021,SA Chonchi
Ingreso Materia Prima Bruta Terceros,362001,Kilos,Total Kilos mmpp de centros de terceros ingresados a planta al mes,9,2021,SA Chonchi
Ingreso Materia Prima Neta o Pagada Terceros,302073,Kilos,Total Kilos mmpp de centros de  terceros ingresados a planta después de descuentos por calidad al mes. Es la mmpp Pagada,9,2021,SA Chonchi
Unidades por kilo mmpp terceros*,56,uni/kg,Promedio Ponderado del Número de Mejillones por kilo de mmpp Neta de terceros al mes,9,2021,SA Chonchi
Ingreso Materia Bruta Prima Propia,3099771,Kilos,Total Kilos mmpp de centros de la empresa ingresados a planta al mes,6,2021,SA Chonchi
Ingreso Materia Prima Neta o Pagada Propia,2577442,Kilos,Total Kilos mmpp de centros de la empresa ingresados a planta después de descuentos por calidad al mes. Es la mmpp Pagada,6,2021,SA Chonchi
Unidades por kilo mmpp propia*,60,uni/kg,Promedio Ponderado del Número de Mejillones por kilos de mmpp Neta propia al mes,6,2021,SA Chonchi
Ingreso Materia Prima Bruta Terceros,1434065,Kilos,Total Kilos mmpp de centros de terceros ingresados a planta al mes,6,2021,SA Chonchi
Ingreso Materia Prima Neta o Pagada Terceros,1113212,Kilos,Total Kilos mmpp de centros de  terceros ingresados a planta después de descuentos por calidad al mes. Es la mmpp Pagada,6,2021,SA Chonchi
Unidades por kilo mmpp terceros*,57,uni/kg,Promedio Ponderado del Número de Mejillones por kilo de mmpp Neta de terceros al mes,6,2021,SA Chonchi
Ingreso Materia Bruta Prima Propia,5896360,Kilos,Total Kilos mmpp de centros de la empresa ingresados a planta al mes,5,2021,SA Chonchi
Ingreso Materia Prima Neta o Pagada Propia,4932241,Kilos,Total Kilos mmpp de centros de la empresa ingresados a planta después de descuentos por calidad al mes. Es la mmpp Pagada,5,2021,SA Chonchi
Unidades por kilo mmpp propia*,64,uni/kg,Promedio Ponderado del Número de Mejillones por kilos de mmpp Neta propia al mes,5,2021,SA Chonchi
Ingreso Materia Prima Bruta Terceros,616753,Kilos,Total Kilos mmpp de centros de terceros ingresados a planta al mes,5,2021,SA Chonchi
Ingreso Materia Prima Neta o Pagada Terceros,514332,Kilos,Total Kilos mmpp de centros de  terceros ingresados a planta después de descuentos por calidad al mes. Es la mmpp Pagada,5,2021,SA Chonchi
Unidades por kilo mmpp terceros*,64,uni/kg,Promedio Ponderado del Número de Mejillones por kilo de mmpp Neta de terceros al mes,5,2021,SA Chonchi
Ingreso Materia Bruta Prima Propia,3907568,Kilos,Total Kilos mmpp de centros de la empresa ingresados a planta al mes,1,2021,SA Chonchi
Ingreso Materia Prima Neta o Pagada Propia,3311494,Kilos,Total Kilos mmpp de centros de la empresa ingresados a planta después de descuentos por calidad al mes. Es la mmpp Pagada,1,2021,SA Chonchi
Unidades por kilo mmpp propia*,56,uni/kg,Promedio Ponderado del Número de Mejillones por kilos de mmpp Neta propia al mes,1,2021,SA Chonchi
Ingreso Materia Prima Bruta Terceros,1101308,Kilos,Total Kilos mmpp de centros de terceros ingresados a planta al mes,1,2021,SA Chonchi
Ingreso Materia Prima Neta o Pagada Terceros,912723,Kilos,Total Kilos mmpp de centros de  terceros ingresados a planta después de descuentos por calidad al mes. Es la mmpp Pagada,1,2021,SA Chonchi
Unidades por kilo mmpp terceros*,59,uni/kg,Promedio Ponderado del Número de Mejillones por kilo de mmpp Neta de terceros al mes,1,2021,SA Chonchi
Ingreso Materia Bruta Prima Propia,329085,Kilos,Total Kilos mmpp de centros de la empresa ingresados a planta al mes,8,2021,SA Chonchi
Ingreso Materia Prima Neta o Pagada Propia,289460,Kilos,Total Kilos mmpp de centros de la empresa ingresados a planta después de descuentos por calidad al mes. Es la mmpp Pagada,8,2021,SA Chonchi
Unidades por kilo mmpp propia*,58,uni/kg,Promedio Ponderado del Número de Mejillones por kilos de mmpp Neta propia al mes,8,2021,SA Chonchi
Ingreso Materia Prima Bruta Terceros,774567,Kilos,Total Kilos mmpp de centros de terceros ingresados a planta al mes,8,2021,SA Chonchi
Ingreso Materia Prima Neta o Pagada Terceros,652568,Kilos,Total Kilos mmpp de centros de  terceros ingresados a planta después de descuentos por calidad al mes. Es la mmpp Pagada,8,2021,SA Chonchi
Unidades por kilo mmpp terceros*,54,uni/kg,Promedio Ponderado del Número de Mejillones por kilo de mmpp Neta de terceros al mes,8,2021,SA Chonchi
Ingreso Materia Bruta Prima Propia,5381908,Kilos,Total Kilos mmpp de centros de la empresa ingresados a planta al mes,2,2021,SA Chonchi
Ingreso Materia Prima Neta o Pagada Propia,4265191,Kilos,Total Kilos mmpp de centros de la empresa ingresados a planta después de descuentos por calidad al mes. Es la mmpp Pagada,2,2021,SA Chonchi
Unidades por kilo mmpp propia*,55,uni/kg,Promedio Ponderado del Número de Mejillones por kilos de mmpp Neta propia al mes,2,2021,SA Chonchi
Ingreso Materia Prima Bruta Terceros,822778,Kilos,Total Kilos mmpp de centros de terceros ingresados a planta al mes,2,2021,SA Chonchi
Ingreso Materia Prima Neta o Pagada Terceros,682415,Kilos,Total Kilos mmpp de centros de  terceros ingresados a planta después de descuentos por calidad al mes. Es la mmpp Pagada,2,2021,SA Chonchi
Unidades por kilo mmpp terceros*,56,uni/kg,Promedio Ponderado del Número de Mejillones por kilo de mmpp Neta de terceros al mes,2,2021,SA Chonchi
Ingreso Materia Bruta Prima Propia,1659957,Kilos,Total Kilos mmpp de centros de la empresa ingresados a planta al mes,7,2021,SA Chonchi
Ingreso Materia Prima Neta o Pagada Propia,1280721,Kilos,Total Kilos mmpp de centros de la empresa ingresados a planta después de descuentos por calidad al mes. Es la mmpp Pagada,7,2021,SA Chonchi
Unidades por kilo mmpp propia*,56,uni/kg,Promedio Ponderado del Número de Mejillones por kilos de mmpp Neta propia al mes,7,2021,SA Chonchi
Ingreso Materia Prima Bruta Terceros,2127194,Kilos,Total Kilos mmpp de centros de terceros ingresados a planta al mes,7,2021,SA Chonchi
Ingreso Materia Prima Neta o Pagada Terceros,1738870,Kilos,Total Kilos mmpp de centros de  terceros ingresados a planta después de descuentos por calidad al mes. Es la mmpp Pagada,7,2021,SA Chonchi
Unidades por kilo mmpp terceros*,60,uni/kg,Promedio Ponderado del Número de Mejillones por kilo de mmpp Neta de terceros al mes,7,2021,SA Chonchi
Ingreso Materia Bruta Prima Propia,6313722,Kilos,Total Kilos mmpp de centros de la empresa ingresados a planta al mes,3,2021,SA Chonchi
Ingreso Materia Prima Neta o Pagada Propia,5179604,Kilos,Total Kilos mmpp de centros de la empresa ingresados a planta después de descuentos por calidad al mes. Es la mmpp Pagada,3,2021,SA Chonchi
Unidades por kilo mmpp propia*,55,uni/kg,Promedio Ponderado del Número de Mejillones por kilos de mmpp Neta propia al mes,3,2021,SA Chonchi
Ingreso Materia Prima Bruta Terceros,1084571,Kilos,Total Kilos mmpp de centros de terceros ingresados a planta al mes,3,2021,SA Chonchi
Ingreso Materia Prima Neta o Pagada Terceros,939553,Kilos,Total Kilos mmpp de centros de  terceros ingresados a planta después de descuentos por calidad al mes. Es la mmpp Pagada,3,2021,SA Chonchi
Unidades por kilo mmpp terceros*,52,uni/kg,Promedio Ponderado del Número de Mejillones por kilo de mmpp Neta de terceros al mes,3,2021,SA Chonchi
Ingreso Materia Bruta Prima Propia,5298773,Kilos,Total Kilos mmpp de centros de la empresa ingresados a planta al mes,4,2021,SA Chonchi
Ingreso Materia Prima Neta o Pagada Propia,4364578,Kilos,Total Kilos mmpp de centros de la empresa ingresados a planta después de descuentos por calidad al mes. Es la mmpp Pagada,4,2021,SA Chonchi
Unidades por kilo mmpp propia*,57,uni/kg,Promedio Ponderado del Número de Mejillones por kilos de mmpp Neta propia al mes,4,2021,SA Chonchi
Ingreso Materia Prima Bruta Terceros,1107772,Kilos,Total Kilos mmpp de centros de terceros ingresados a planta al mes,4,2021,SA Chonchi
Ingreso Materia Prima Neta o Pagada Terceros,949027,Kilos,Total Kilos mmpp de centros de  terceros ingresados a planta después de descuentos por calidad al mes. Es la mmpp Pagada,4,2021,SA Chonchi
Unidades por kilo mmpp terceros*,57,uni/kg,Promedio Ponderado del Número de Mejillones por kilo de mmpp Neta de terceros al mes,4,2021,SA Chonchi
Ingreso Materia Bruta Prima Propia,776437,Kilos,Total Kilos mmpp de centros de la empresa ingresados a planta al mes,9,2021,SA Quemchi
Ingreso Materia Prima Neta o Pagada Propia,658379,Kilos,Total Kilos mmpp de centros de la empresa ingresados a planta después de descuentos por calidad al mes. Es la mmpp Pagada,9,2021,SA Quemchi
Unidades por kilo mmpp propia*,62,uni/kg,Promedio Ponderado del Número de Mejillones por kilos de mmpp Neta propia al mes,9,2021,SA Quemchi
Ingreso Materia Prima Bruta Terceros,651103,Kilos,Total Kilos mmpp de centros de terceros ingresados a planta al mes,9,2021,SA Quemchi
Ingreso Materia Prima Neta o Pagada Terceros,543988,Kilos,Total Kilos mmpp de centros de  terceros ingresados a planta después de descuentos por calidad al mes. Es la mmpp Pagada,9,2021,SA Quemchi
Unidades por kilo mmpp terceros*,56,uni/kg,Promedio Ponderado del Número de Mejillones por kilo de mmpp Neta de terceros al mes,9,2021,SA Quemchi
Ingreso Materia Bruta Prima Propia,3027539,Kilos,Total Kilos mmpp de centros de la empresa ingresados a planta al mes,6,2021,SA Quemchi
Ingreso Materia Prima Neta o Pagada Propia,2291644,Kilos,Total Kilos mmpp de centros de la empresa ingresados a planta después de descuentos por calidad al mes. Es la mmpp Pagada,6,2021,SA Quemchi
Unidades por kilo mmpp propia*,56,uni/kg,Promedio Ponderado del Número de Mejillones por kilos de mmpp Neta propia al mes,6,2021,SA Quemchi
Ingreso Materia Prima Bruta Terceros,1459218,Kilos,Total Kilos mmpp de centros de terceros ingresados a planta al mes,6,2021,SA Quemchi
Ingreso Materia Prima Neta o Pagada Terceros,1250574,Kilos,Total Kilos mmpp de centros de  terceros ingresados a planta después de descuentos por calidad al mes. Es la mmpp Pagada,6,2021,SA Quemchi
Unidades por kilo mmpp terceros*,53,uni/kg,Promedio Ponderado del Número de Mejillones por kilo de mmpp Neta de terceros al mes,6,2021,SA Quemchi
Ingreso Materia Bruta Prima Propia,3405967,Kilos,Total Kilos mmpp de centros de la empresa ingresados a planta al mes,5,2021,SA Quemchi
Ingreso Materia Prima Neta o Pagada Propia,2682253,Kilos,Total Kilos mmpp de centros de la empresa ingresados a planta después de descuentos por calidad al mes. Es la mmpp Pagada,5,2021,SA Quemchi
Unidades por kilo mmpp propia*,60,uni/kg,Promedio Ponderado del Número de Mejillones por kilos de mmpp Neta propia al mes,5,2021,SA Quemchi
Ingreso Materia Prima Bruta Terceros,1083425,Kilos,Total Kilos mmpp de centros de terceros ingresados a planta al mes,5,2021,SA Quemchi
Ingreso Materia Prima Neta o Pagada Terceros,919048,Kilos,Total Kilos mmpp de centros de  terceros ingresados a planta después de descuentos por calidad al mes. Es la mmpp Pagada,5,2021,SA Quemchi
Unidades por kilo mmpp terceros*,54,uni/kg,Promedio Ponderado del Número de Mejillones por kilo de mmpp Neta de terceros al mes,5,2021,SA Quemchi
Ingreso Materia Bruta Prima Propia,3160505,Kilos,Total Kilos mmpp de centros de la empresa ingresados a planta al mes,1,2021,SA Quemchi
Ingreso Materia Prima Neta o Pagada Propia,2518097,Kilos,Total Kilos mmpp de centros de la empresa ingresados a planta después de descuentos por calidad al mes. Es la mmpp Pagada,1,2021,SA Quemchi
Unidades por kilo mmpp propia*,54,uni/kg,Promedio Ponderado del Número de Mejillones por kilos de mmpp Neta propia al mes,1,2021,SA Quemchi
Ingreso Materia Prima Bruta Terceros,771227,Kilos,Total Kilos mmpp de centros de terceros ingresados a planta al mes,1,2021,SA Quemchi
Ingreso Materia Prima Neta o Pagada Terceros,650418,Kilos,Total Kilos mmpp de centros de  terceros ingresados a planta después de descuentos por calidad al mes. Es la mmpp Pagada,1,2021,SA Quemchi
Unidades por kilo mmpp terceros*,59,uni/kg,Promedio Ponderado del Número de Mejillones por kilo de mmpp Neta de terceros al mes,1,2021,SA Quemchi
Ingreso Materia Bruta Prima Propia,1496248,Kilos,Total Kilos mmpp de centros de la empresa ingresados a planta al mes,8,2021,SA Quemchi
Ingreso Materia Prima Neta o Pagada Propia,1312526,Kilos,Total Kilos mmpp de centros de la empresa ingresados a planta después de descuentos por calidad al mes. Es la mmpp Pagada,8,2021,SA Quemchi
Unidades por kilo mmpp propia*,61,uni/kg,Promedio Ponderado del Número de Mejillones por kilos de mmpp Neta propia al mes,8,2021,SA Quemchi
Ingreso Materia Prima Bruta Terceros,854641,Kilos,Total Kilos mmpp de centros de terceros ingresados a planta al mes,8,2021,SA Quemchi
Ingreso Materia Prima Neta o Pagada Terceros,686062,Kilos,Total Kilos mmpp de centros de  terceros ingresados a planta después de descuentos por calidad al mes. Es la mmpp Pagada,8,2021,SA Quemchi
Unidades por kilo mmpp terceros*,53,uni/kg,Promedio Ponderado del Número de Mejillones por kilo de mmpp Neta de terceros al mes,8,2021,SA Quemchi
Ingreso Materia Bruta Prima Propia,3235456,Kilos,Total Kilos mmpp de centros de la empresa ingresados a planta al mes,2,2021,SA Quemchi
Ingreso Materia Prima Neta o Pagada Propia,2461645,Kilos,Total Kilos mmpp de centros de la empresa ingresados a planta después de descuentos por calidad al mes. Es la mmpp Pagada,2,2021,SA Quemchi
Unidades por kilo mmpp propia*,53,uni/kg,Promedio Ponderado del Número de Mejillones por kilos de mmpp Neta propia al mes,2,2021,SA Quemchi
Ingreso Materia Prima Bruta Terceros,718621,Kilos,Total Kilos mmpp de centros de terceros ingresados a planta al mes,2,2021,SA Quemchi
Ingreso Materia Prima Neta o Pagada Terceros,602405,Kilos,Total Kilos mmpp de centros de  terceros ingresados a planta después de descuentos por calidad al mes. Es la mmpp Pagada,2,2021,SA Quemchi
Unidades por kilo mmpp terceros*,49,uni/kg,Promedio Ponderado del Número de Mejillones por kilo de mmpp Neta de terceros al mes,2,2021,SA Quemchi
Ingreso Materia Bruta Prima Propia,1703989,Kilos,Total Kilos mmpp de centros de la empresa ingresados a planta al mes,7,2021,SA Quemchi
Ingreso Materia Prima Neta o Pagada Propia,1323318,Kilos,Total Kilos mmpp de centros de la empresa ingresados a planta después de descuentos por calidad al mes. Es la mmpp Pagada,7,2021,SA Quemchi
Unidades por kilo mmpp propia*,55,uni/kg,Promedio Ponderado del Número de Mejillones por kilos de mmpp Neta propia al mes,7,2021,SA Quemchi
Ingreso Materia Prima Bruta Terceros,2669900,Kilos,Total Kilos mmpp de centros de terceros ingresados a planta al mes,7,2021,SA Quemchi
Ingreso Materia Prima Neta o Pagada Terceros,2318210,Kilos,Total Kilos mmpp de centros de  terceros ingresados a planta después de descuentos por calidad al mes. Es la mmpp Pagada,7,2021,SA Quemchi
Unidades por kilo mmpp terceros*,54,uni/kg,Promedio Ponderado del Número de Mejillones por kilo de mmpp Neta de terceros al mes,7,2021,SA Quemchi
Ingreso Materia Bruta Prima Propia,3751881,Kilos,Total Kilos mmpp de centros de la empresa ingresados a planta al mes,3,2021,SA Quemchi
Ingreso Materia Prima Neta o Pagada Propia,2906887,Kilos,Total Kilos mmpp de centros de la empresa ingresados a planta después de descuentos por calidad al mes. Es la mmpp Pagada,3,2021,SA Quemchi
Unidades por kilo mmpp propia*,51,uni/kg,Promedio Ponderado del Número de Mejillones por kilos de mmpp Neta propia al mes,3,2021,SA Quemchi
Ingreso Materia Prima Bruta Terceros,1064979,Kilos,Total Kilos mmpp de centros de terceros ingresados a planta al mes,3,2021,SA Quemchi
Ingreso Materia Prima Neta o Pagada Terceros,859759,Kilos,Total Kilos mmpp de centros de  terceros ingresados a planta después de descuentos por calidad al mes. Es la mmpp Pagada,3,2021,SA Quemchi
Unidades por kilo mmpp terceros*,47,uni/kg,Promedio Ponderado del Número de Mejillones por kilo de mmpp Neta de terceros al mes,3,2021,SA Quemchi
Ingreso Materia Bruta Prima Propia,3296841,Kilos,Total Kilos mmpp de centros de la empresa ingresados a planta al mes,4,2021,SA Quemchi
Ingreso Materia Prima Neta o Pagada Propia,2620849,Kilos,Total Kilos mmpp de centros de la empresa ingresados a planta después de descuentos por calidad al mes. Es la mmpp Pagada,4,2021,SA Quemchi
Unidades por kilo mmpp propia*,56,uni/kg,Promedio Ponderado del Número de Mejillones por kilos de mmpp Neta propia al mes,4,2021,SA Quemchi
Ingreso Materia Prima Bruta Terceros,1093524,Kilos,Total Kilos mmpp de centros de terceros ingresados a planta al mes,4,2021,SA Quemchi
Ingreso Materia Prima Neta o Pagada Terceros,900492,Kilos,Total Kilos mmpp de centros de  terceros ingresados a planta después de descuentos por calidad al mes. Es la mmpp Pagada,4,2021,SA Quemchi
Unidades por kilo mmpp terceros*,53,uni/kg,Promedio Ponderado del Número de Mejillones por kilo de mmpp Neta de terceros al mes,4,2021,SA Quemchi
Ingreso Materia Prima Propia,810678.0,Kilos,Total Kilos mmpp de centros de la empresa ingresados a planta al mes,6,2021,Landes
Ingreso Materia Prima Neta Propia,746661.0,Kilos,Total Kilos mmpp de centros de la empresa ingresados a planta después de descuentos por calidad al mes,6,2021,Landes
Unidades por kilo mmpp propia*,58.0,uni/kg,Promedio Ponderado del Número de Mejillones por kilos de mmpp Neta propia al mes,6,2021,Landes
Ingreso Materia Prima Terceros,4277988.0,Kilos,Total Kilos mmpp de centros de terceros ingresados a planta al mes,6,2021,Landes
Ingreso Materia Prima Neta Terceros,3493796.0,Kilos,Total Kilos mmpp de centros de  terceros ingresados a planta después de descuentos por calidad al mes,6,2021,Landes
Unidades por kilo mmpp terceros*,68.7,uni/kg,Promedio Ponderado del Número de Mejillones por kilo de mmpp Neta de terceros al mes,6,2021,Landes
Ingreso Materia Prima Propia,1319598.0,Kilos,Total Kilos mmpp de centros de la empresa ingresados a planta al mes,5,2021,Landes
Ingreso Materia Prima Neta Propia,1161332.0,Kilos,Total Kilos mmpp de centros de la empresa ingresados a planta después de descuentos por calidad al mes,5,2021,Landes
Unidades por kilo mmpp propia*,72.8,uni/kg,Promedio Ponderado del Número de Mejillones por kilos de mmpp Neta propia al mes,5,2021,Landes
Ingreso Materia Prima Terceros,3368214.0,Kilos,Total Kilos mmpp de centros de terceros ingresados a planta al mes,5,2021,Landes
Ingreso Materia Prima Neta Terceros,2833876.0,Kilos,Total Kilos mmpp de centros de  terceros ingresados a planta después de descuentos por calidad al mes,5,2021,Landes
Unidades por kilo mmpp terceros*,70.5,uni/kg,Promedio Ponderado del Número de Mejillones por kilo de mmpp Neta de terceros al mes,5,2021,Landes
Ingreso Materia Prima Propia,499307.0,Kilos,Total Kilos mmpp de centros de la empresa ingresados a planta al mes,1,2021,Landes
Ingreso Materia Prima Neta Propia,437779.0,Kilos,Total Kilos mmpp de centros de la empresa ingresados a planta después de descuentos por calidad al mes,1,2021,Landes
Unidades por kilo mmpp propia*,56.2,uni/kg,Promedio Ponderado del Número de Mejillones por kilos de mmpp Neta propia al mes,1,2021,Landes
Ingreso Materia Prima Terceros,3001260.0,Kilos,Total Kilos mmpp de centros de terceros ingresados a planta al mes,1,2021,Landes
Ingreso Materia Prima Neta Terceros,2400328.0,Kilos,Total Kilos mmpp de centros de  terceros ingresados a planta después de descuentos por calidad al mes,1,2021,Landes
Unidades por kilo mmpp terceros*,63.3,uni/kg,Promedio Ponderado del Número de Mejillones por kilo de mmpp Neta de terceros al mes,1,2021,Landes
Ingreso Materia Prima Propia,0.0,Kilos,Total Kilos mmpp de centros de la empresa ingresados a planta al mes,8,2021,Landes
Ingreso Materia Prima Neta Propia,0.0,Kilos,Total Kilos mmpp de centros de la empresa ingresados a planta después de descuentos por calidad al mes,8,2021,Landes
Unidades por kilo mmpp propia*,0.0,uni/kg,Promedio Ponderado del Número de Mejillones por kilos de mmpp Neta propia al mes,8,2021,Landes
Ingreso Materia Prima Terceros,3179447.0,Kilos,Total Kilos mmpp de centros de terceros ingresados a planta al mes,8,2021,Landes
Ingreso Materia Prima Neta Terceros,2423273.0,Kilos,Total Kilos mmpp de centros de  terceros ingresados a planta después de descuentos por calidad al mes,8,2021,Landes
Unidades por kilo mmpp terceros*,68.5,uni/kg,Promedio Ponderado del Número de Mejillones por kilo de mmpp Neta de terceros al mes,8,2021,Landes
Ingreso Materia Prima Propia,406114.0,Kilos,Total Kilos mmpp de centros de la empresa ingresados a planta al mes,2,2021,Landes
Ingreso Materia Prima Neta Propia,354852.0,Kilos,Total Kilos mmpp de centros de la empresa ingresados a planta después de descuentos por calidad al mes,2,2021,Landes
Unidades por kilo mmpp propia*,57.7,uni/kg,Promedio Ponderado del Número de Mejillones por kilos de mmpp Neta propia al mes,2,2021,Landes
Ingreso Materia Prima Terceros,3311382.0,Kilos,Total Kilos mmpp de centros de terceros ingresados a planta al mes,2,2021,Landes
Ingreso Materia Prima Neta Terceros,2702349.0,Kilos,Total Kilos mmpp de centros de  terceros ingresados a planta después de descuentos por calidad al mes,2,2021,Landes
Unidades por kilo mmpp terceros*,65.4,uni/kg,Promedio Ponderado del Número de Mejillones por kilo de mmpp Neta de terceros al mes,2,2021,Landes
Ingreso Materia Prima Propia,1004213.0,Kilos,Total Kilos mmpp de centros de la empresa ingresados a planta al mes,7,2021,Landes
Ingreso Materia Prima Neta Propia,914825.0,Kilos,Total Kilos mmpp de centros de la empresa ingresados a planta después de descuentos por calidad al mes,7,2021,Landes
Unidades por kilo mmpp propia*,87.0,uni/kg,Promedio Ponderado del Número de Mejillones por kilos de mmpp Neta propia al mes,7,2021,Landes
Ingreso Materia Prima Terceros,4793339.0,Kilos,Total Kilos mmpp de centros de terceros ingresados a planta al mes,7,2021,Landes
Ingreso Materia Prima Neta Terceros,3874356.0,Kilos,Total Kilos mmpp de centros de  terceros ingresados a planta después de descuentos por calidad al mes,7,2021,Landes
Unidades por kilo mmpp terceros*,68.5,uni/kg,Promedio Ponderado del Número de Mejillones por kilo de mmpp Neta de terceros al mes,7,2021,Landes
Ingreso Materia Prima Propia,1261430.0,Kilos,Total Kilos mmpp de centros de la empresa ingresados a planta al mes,3,2021,Landes
Ingreso Materia Prima Neta Propia,1080923.0,Kilos,Total Kilos mmpp de centros de la empresa ingresados a planta después de descuentos por calidad al mes,3,2021,Landes
Unidades por kilo mmpp propia*,59.2,uni/kg,Promedio Ponderado del Número de Mejillones por kilos de mmpp Neta propia al mes,3,2021,Landes
Ingreso Materia Prima Terceros,3052731.0,Kilos,Total Kilos mmpp de centros de terceros ingresados a planta al mes,3,2021,Landes
Ingreso Materia Prima Neta Terceros,2529250.0,Kilos,Total Kilos mmpp de centros de  terceros ingresados a planta después de descuentos por calidad al mes,3,2021,Landes
Unidades por kilo mmpp terceros*,70.5,uni/kg,Promedio Ponderado del Número de Mejillones por kilo de mmpp Neta de terceros al mes,3,2021,Landes
Ingreso Materia Prima Propia,543989.0,Kilos,Total Kilos mmpp de centros de la empresa ingresados a planta al mes,4,2021,Landes
Ingreso Materia Prima Neta Propia,482612.0,Kilos,Total Kilos mmpp de centros de la empresa ingresados a planta después de descuentos por calidad al mes,4,2021,Landes
Unidades por kilo mmpp propia*,68.0,uni/kg,Promedio Ponderado del Número de Mejillones por kilos de mmpp Neta propia al mes,4,2021,Landes
Ingreso Materia Prima Terceros,3926006.0,Kilos,Total Kilos mmpp de centros de terceros ingresados a planta al mes,4,2021,Landes
Ingreso Materia Prima Neta Terceros,3325065.0,Kilos,Total Kilos mmpp de centros de  terceros ingresados a planta después de descuentos por calidad al mes,4,2021,Landes
Unidades por kilo mmpp terceros*,69.0,uni/kg,Promedio Ponderado del Número de Mejillones por kilo de mmpp Neta de terceros al mes,4,2021,Landes
Ingreso Materia Prima Neta o Pagada Propia,3555371.5,Kilos,Total Kilos mmpp de centros de la empresa ingresados a planta después de descuentos por calidad al mes. Es la mmpp Pagada,6,2021,Camanchaca
Unidades por kilo mmpp propia*,65.21,uni/kg,Promedio Ponderado del Número de Mejillones por kilos de mmpp Neta propia al mes,6,2021,Camanchaca
Ingreso Materia Prima Bruta Terceros,983290.5,Kilos,Total Kilos mmpp de centros de terceros ingresados a planta al mes,6,2021,Camanchaca
Ingreso Materia Prima Neta o Pagada Terceros,878963,Kilos,Total Kilos mmpp de centros de  terceros ingresados a planta después de descuentos por calidad al mes. Es la mmpp Pagada,6,2021,Camanchaca
Unidades por kilo mmpp terceros*,65,uni/kg,Promedio Ponderado del Número de Mejillones por kilo de mmpp Neta de terceros al mes,6,2021,Camanchaca
Ingreso Materia Prima Neta o Pagada Propia,4059955.5,Kilos,Total Kilos mmpp de centros de la empresa ingresados a planta después de descuentos por calidad al mes. Es la mmpp Pagada,5,2021,Camanchaca
Unidades por kilo mmpp propia*,65,uni/kg,Promedio Ponderado del Número de Mejillones por kilos de mmpp Neta propia al mes,5,2021,Camanchaca
Ingreso Materia Prima Bruta Terceros,854966,Kilos,Total Kilos mmpp de centros de terceros ingresados a planta al mes,5,2021,Camanchaca
Ingreso Materia Prima Neta o Pagada Terceros,767093,Kilos,Total Kilos mmpp de centros de  terceros ingresados a planta después de descuentos por calidad al mes. Es la mmpp Pagada,5,2021,Camanchaca
Unidades por kilo mmpp terceros*,61,uni/kg,Promedio Ponderado del Número de Mejillones por kilo de mmpp Neta de terceros al mes,5,2021,Camanchaca
Ingreso Materia Bruta Prima Propia,1923738,Kilos,Total Kilos mmpp de centros de la empresa ingresados a planta al mes,1,2021,Camanchaca
Ingreso Materia Prima Neta o Pagada Propia,2043910.5,Kilos,Total Kilos mmpp de centros de la empresa ingresados a planta después de descuentos por calidad al mes. Es la mmpp Pagada,1,2021,Camanchaca
Unidades por kilo mmpp propia*,66,uni/kg,Promedio Ponderado del Número de Mejillones por kilos de mmpp Neta propia al mes,1,2021,Camanchaca
Ingreso Materia Prima Bruta Terceros,1987401,Kilos,Total Kilos mmpp de centros de terceros ingresados a planta al mes,1,2021,Camanchaca
Ingreso Materia Prima Neta o Pagada Terceros,1726323,Kilos,Total Kilos mmpp de centros de  terceros ingresados a planta después de descuentos por calidad al mes. Es la mmpp Pagada,1,2021,Camanchaca
Ingreso Materia Bruta Prima Propia,1310.9,Kilos,Total Kilos mmpp de centros de la empresa ingresados a planta al mes,8,2021,Camanchaca
Ingreso Materia Prima Neta o Pagada Propia,1181.44,Kilos,Total Kilos mmpp de centros de la empresa ingresados a planta después de descuentos por calidad al mes. Es la mmpp Pagada,8,2021,Camanchaca
Unidades por kilo mmpp propia*,72,uni/kg,Promedio Ponderado del Número de Mejillones por kilos de mmpp Neta propia al mes,8,2021,Camanchaca
Ingreso Materia Prima Bruta Terceros,915.8,Kilos,Total Kilos mmpp de centros de terceros ingresados a planta al mes,8,2021,Camanchaca
Ingreso Materia Prima Neta o Pagada Terceros,847.8,Kilos,Total Kilos mmpp de centros de  terceros ingresados a planta después de descuentos por calidad al mes. Es la mmpp Pagada,8,2021,Camanchaca
Ingreso Materia Bruta Prima Propia,3212516.7,Kilos,Total Kilos mmpp de centros de la empresa ingresados a planta al mes,2,2021,Camanchaca
Ingreso Materia Prima Neta o Pagada Propia,3006442.7,Kilos,Total Kilos mmpp de centros de la empresa ingresados a planta después de descuentos por calidad al mes. Es la mmpp Pagada,2,2021,Camanchaca
Unidades por kilo mmpp propia*,68.82,uni/kg,Promedio Ponderado del Número de Mejillones por kilos de mmpp Neta propia al mes,2,2021,Camanchaca
Ingreso Materia Prima Bruta Terceros,825936,Kilos,Total Kilos mmpp de centros de terceros ingresados a planta al mes,2,2021,Camanchaca
Ingreso Materia Prima Neta o Pagada Terceros,729847.5,Kilos,Total Kilos mmpp de centros de  terceros ingresados a planta después de descuentos por calidad al mes. Es la mmpp Pagada,2,2021,Camanchaca
Ingreso Materia Prima Neta o Pagada Propia,4016020.5,Kilos,Total Kilos mmpp de centros de la empresa ingresados a planta después de descuentos por calidad al mes. Es la mmpp Pagada,7,2021,Camanchaca
Unidades por kilo mmpp propia*,65,uni/kg,Promedio Ponderado del Número de Mejillones por kilos de mmpp Neta propia al mes,7,2021,Camanchaca
Ingreso Materia Prima Bruta Terceros,1067163,Kilos,Total Kilos mmpp de centros de terceros ingresados a planta al mes,7,2021,Camanchaca
Ingreso Materia Prima Neta o Pagada Terceros,943893,Kilos,Total Kilos mmpp de centros de  terceros ingresados a planta después de descuentos por calidad al mes. Es la mmpp Pagada,7,2021,Camanchaca
Unidades por kilo mmpp terceros*,63,uni/kg,Promedio Ponderado del Número de Mejillones por kilo de mmpp Neta de terceros al mes,7,2021,Camanchaca
Ingreso Materia Prima Neta o Pagada Propia,3536160.5,Kilos,Total Kilos mmpp de centros de la empresa ingresados a planta después de descuentos por calidad al mes. Es la mmpp Pagada,3,2021,Camanchaca
Unidades por kilo mmpp propia*,66.7,uni/kg,Promedio Ponderado del Número de Mejillones por kilos de mmpp Neta propia al mes,3,2021,Camanchaca
Ingreso Materia Prima Bruta Terceros,822848.5,Kilos,Total Kilos mmpp de centros de terceros ingresados a planta al mes,3,2021,Camanchaca
Ingreso Materia Prima Neta o Pagada Terceros,727856.5,Kilos,Total Kilos mmpp de centros de  terceros ingresados a planta después de descuentos por calidad al mes. Es la mmpp Pagada,3,2021,Camanchaca
Unidades por kilo mmpp terceros*,59.04,uni/kg,Promedio Ponderado del Número de Mejillones por kilo de mmpp Neta de terceros al mes,3,2021,Camanchaca
Ingreso Materia Prima Neta o Pagada Propia,3146167,Kilos,Total Kilos mmpp de centros de la empresa ingresados a planta después de descuentos por calidad al mes. Es la mmpp Pagada,4,2021,Camanchaca
Unidades por kilo mmpp propia*,67.2,uni/kg,Promedio Ponderado del Número de Mejillones por kilos de mmpp Neta propia al mes,4,2021,Camanchaca
Ingreso Materia Prima Bruta Terceros,628575,Kilos,Total Kilos mmpp de centros de terceros ingresados a planta al mes,4,2021,Camanchaca
Ingreso Materia Prima Neta o Pagada Terceros,549293.5,Kilos,Total Kilos mmpp de centros de  terceros ingresados a planta después de descuentos por calidad al mes. Es la mmpp Pagada,4,2021,Camanchaca
Unidades por kilo mmpp terceros*,63.11,uni/kg,Promedio Ponderado del Número de Mejillones por kilo de mmpp Neta de terceros al mes,4,2021,Camanchaca
Ingreso Materia Bruta Prima Propia,380358.0,Kilos,Total Kilos mmpp de centros de la empresa ingresados a planta al mes,9,2021,Manuelita
Ingreso Materia Prima Neta o Pagada Propia,332805.0,Kilos,Total Kilos mmpp de centros de la empresa ingresados a planta después de descuentos por calidad al mes. Es la mmpp Pagada,9,2021,Manuelita
Unidades por kilo mmpp propia*,66.06006972378654,uni/kg,Promedio Ponderado del Número de Mejillones por kilos de mmpp Neta propia al mes,9,2021,Manuelita
Ingreso Materia Prima Bruta Terceros,102404.0,Kilos,Total Kilos mmpp de centros de terceros ingresados a planta al mes,9,2021,Manuelita
Ingreso Materia Prima Neta o Pagada Terceros,88007.0,Kilos,Total Kilos mmpp de centros de  terceros ingresados a planta después de descuentos por calidad al mes. Es la mmpp Pagada,9,2021,Manuelita
Unidades por kilo mmpp terceros*,41.39279715636108,uni/kg,Promedio Ponderado del Número de Mejillones por kilo de mmpp Neta de terceros al mes,9,2021,Manuelita
Ingreso Materia Bruta Prima Propia,2116897.0,Kilos,Total Kilos mmpp de centros de la empresa ingresados a planta al mes,6,2021,Manuelita
Ingreso Materia Prima Neta o Pagada Propia,1796674.9961606332,Kilos,Total Kilos mmpp de centros de la empresa ingresados a planta después de descuentos por calidad al mes. Es la mmpp Pagada,6,2021,Manuelita
Unidades por kilo mmpp propia*,77.0,uni/kg,Promedio Ponderado del Número de Mejillones por kilos de mmpp Neta propia al mes,6,2021,Manuelita
Ingreso Materia Prima Bruta Terceros,1238044.0,Kilos,Total Kilos mmpp de centros de terceros ingresados a planta al mes,6,2021,Manuelita
Ingreso Materia Prima Neta o Pagada Terceros,1016327.447057631,Kilos,Total Kilos mmpp de centros de  terceros ingresados a planta después de descuentos por calidad al mes. Es la mmpp Pagada,6,2021,Manuelita
Unidades por kilo mmpp terceros*,53.0,uni/kg,Promedio Ponderado del Número de Mejillones por kilo de mmpp Neta de terceros al mes,6,2021,Manuelita
Ingreso Materia Bruta Prima Propia,1964189.0,Kilos,Total Kilos mmpp de centros de la empresa ingresados a planta al mes,5,2021,Manuelita
Ingreso Materia Prima Neta o Pagada Propia,1727103.7706000002,Kilos,Total Kilos mmpp de centros de la empresa ingresados a planta después de descuentos por calidad al mes. Es la mmpp Pagada,5,2021,Manuelita
Unidades por kilo mmpp propia*,74.0,uni/kg,Promedio Ponderado del Número de Mejillones por kilos de mmpp Neta propia al mes,5,2021,Manuelita
Ingreso Materia Prima Bruta Terceros,1252860.0,Kilos,Total Kilos mmpp de centros de terceros ingresados a planta al mes,5,2021,Manuelita
Ingreso Materia Prima Neta o Pagada Terceros,1084056.2755671053,Kilos,Total Kilos mmpp de centros de  terceros ingresados a planta después de descuentos por calidad al mes. Es la mmpp Pagada,5,2021,Manuelita
Unidades por kilo mmpp terceros*,53.0,uni/kg,Promedio Ponderado del Número de Mejillones por kilo de mmpp Neta de terceros al mes,5,2021,Manuelita
Ingreso Materia Bruta Prima Propia,1812461.0,Kilos,Total Kilos mmpp de centros de la empresa ingresados a planta al mes,1,2021,Manuelita
Ingreso Materia Prima Neta o Pagada Propia,1619979.5422999996,Kilos,Total Kilos mmpp de centros de la empresa ingresados a planta después de descuentos por calidad al mes. Es la mmpp Pagada,1,2021,Manuelita
Unidades por kilo mmpp propia*,82.0,uni/kg,Promedio Ponderado del Número de Mejillones por kilos de mmpp Neta propia al mes,1,2021,Manuelita
Ingreso Materia Prima Bruta Terceros,1261344.5434782607,Kilos,Total Kilos mmpp de centros de terceros ingresados a planta al mes,1,2021,Manuelita
Ingreso Materia Prima Neta o Pagada Terceros,1123458.180459423,Kilos,Total Kilos mmpp de centros de  terceros ingresados a planta después de descuentos por calidad al mes. Es la mmpp Pagada,1,2021,Manuelita
Unidades por kilo mmpp terceros*,54.29630929809599,uni/kg,Promedio Ponderado del Número de Mejillones por kilo de mmpp Neta de terceros al mes,1,2021,Manuelita
Ingreso Materia Bruta Prima Propia,1591197.0,Kilos,Total Kilos mmpp de centros de la empresa ingresados a planta al mes,8,2021,Manuelita
Ingreso Materia Prima Neta o Pagada Propia,1348251.0,Kilos,Total Kilos mmpp de centros de la empresa ingresados a planta después de descuentos por calidad al mes. Es la mmpp Pagada,8,2021,Manuelita
Unidades por kilo mmpp propia*,77.53987721870779,uni/kg,Promedio Ponderado del Número de Mejillones por kilos de mmpp Neta propia al mes,8,2021,Manuelita
Ingreso Materia Prima Bruta Terceros,1196010.0,Kilos,Total Kilos mmpp de centros de terceros ingresados a planta al mes,8,2021,Manuelita
Ingreso Materia Prima Neta o Pagada Terceros,1022007.0842105263,Kilos,Total Kilos mmpp de centros de  terceros ingresados a planta después de descuentos por calidad al mes. Es la mmpp Pagada,8,2021,Manuelita
Unidades por kilo mmpp terceros*,51.99169019046762,uni/kg,Promedio Ponderado del Número de Mejillones por kilo de mmpp Neta de terceros al mes,8,2021,Manuelita
Ingreso Materia Bruta Prima Propia,2083091.0,Kilos,Total Kilos mmpp de centros de la empresa ingresados a planta al mes,2,2021,Manuelita
Ingreso Materia Prima Neta o Pagada Propia,1896639.3229999999,Kilos,Total Kilos mmpp de centros de la empresa ingresados a planta después de descuentos por calidad al mes. Es la mmpp Pagada,2,2021,Manuelita
Unidades por kilo mmpp propia*,77.48722780187764,uni/kg,Promedio Ponderado del Número de Mejillones por kilos de mmpp Neta propia al mes,2,2021,Manuelita
Ingreso Materia Prima Bruta Terceros,996710.8167938931,Kilos,Total Kilos mmpp de centros de terceros ingresados a planta al mes,2,2021,Manuelita
Ingreso Materia Prima Neta o Pagada Terceros,885390.5268228306,Kilos,Total Kilos mmpp de centros de  terceros ingresados a planta después de descuentos por calidad al mes. Es la mmpp Pagada,2,2021,Manuelita
Unidades por kilo mmpp terceros*,54.22401324029476,uni/kg,Promedio Ponderado del Número de Mejillones por kilo de mmpp Neta de terceros al mes,2,2021,Manuelita
Ingreso Materia Bruta Prima Propia,3113981.0,Kilos,Total Kilos mmpp de centros de la empresa ingresados a planta al mes,3,2021,Manuelita
Ingreso Materia Prima Neta o Pagada Propia,2780738.5752,Kilos,Total Kilos mmpp de centros de la empresa ingresados a planta después de descuentos por calidad al mes. Es la mmpp Pagada,3,2021,Manuelita
Unidades por kilo mmpp propia*,76.14048258498082,uni/kg,Promedio Ponderado del Número de Mejillones por kilos de mmpp Neta propia al mes,3,2021,Manuelita
Ingreso Materia Prima Bruta Terceros,684856.0,Kilos,Total Kilos mmpp de centros de terceros ingresados a planta al mes,3,2021,Manuelita
Ingreso Materia Prima Neta o Pagada Terceros,618059.0145912883,Kilos,Total Kilos mmpp de centros de  terceros ingresados a planta después de descuentos por calidad al mes. Es la mmpp Pagada,3,2021,Manuelita
Unidades por kilo mmpp terceros*,59.66716118225568,uni/kg,Promedio Ponderado del Número de Mejillones por kilo de mmpp Neta de terceros al mes,3,2021,Manuelita
Ingreso Materia Prima Bruta Propia,1001615.5,Kilos,Total Kilos mmpp de centros de la empresa ingresados a planta al mes,1,2021,Sudmaris
Ingreso Materia Prima Neta o Pagada Propia,742000.9860000001,Kilos,Total Kilos mmpp de centros de la empresa ingresados a planta después de descuentos por calidad al mes. Es la mmpp Pagada,1,2021,Sudmaris
Unidades por kilo mmpp propia*,65,uni/kg,Promedio Ponderado del Número de Mejillones por kilos de mmpp Neta propia al mes,1,2021,Sudmaris
Ingreso Materia Prima Bruta Terceros,2371829,Kilos,Total Kilos mmpp de centros de terceros ingresados a planta al mes,1,2021,Sudmaris
Ingreso Materia Prima Neta o Pagada Terceros,1996818.919000001,Kilos,Total Kilos mmpp de centros de  terceros ingresados a planta después de descuentos por calidad al mes. Es la mmpp Pagada,1,2021,Sudmaris
Unidades por kilo mmpp terceros*,67,uni/kg,Promedio Ponderado del Número de Mejillones por kilo de mmpp Neta de terceros al mes,1,2021,Sudmaris
Unidades por kilo mmpp propia*,65,Promedio Ponderado del Número de Mejillones por kilos de mmpp Neta propia al mes, ,1,2021,Sudmaris
Ingreso Materia Prima Bruta Propia,1385808,Kilos,Total Kilos mmpp de centros de la empresa ingresados a planta al mes,2,2021,Sudmaris
Ingreso Materia Prima Neta o Pagada Propia,935469,Kilos,Total Kilos mmpp de centros de la empresa ingresados a planta después de descuentos por calidad al mes. Es la mmpp Pagada,2,2021,Sudmaris
Unidades por kilo mmpp propia*,61,uni/kg,Promedio Ponderado del Número de Mejillones por kilos de mmpp Neta propia al mes,2,2021,Sudmaris
Ingreso Materia Prima Bruta Terceros,2563012,Kilos,Total Kilos mmpp de centros de terceros ingresados a planta al mes,2,2021,Sudmaris
Ingreso Materia Prima Neta o Pagada Terceros,2132653.1230000006,Kilos,Total Kilos mmpp de centros de  terceros ingresados a planta después de descuentos por calidad al mes. Es la mmpp Pagada,2,2021,Sudmaris
Unidades por kilo mmpp terceros*,65.6276150627615,uni/kg,Promedio Ponderado del Número de Mejillones por kilo de mmpp Neta de terceros al mes,2,2021,Sudmaris
Unidades por kilo mmpp propia*,61,Promedio Ponderado del Número de Mejillones por kilos de mmpp Neta propia al mes, ,2,2021,Sudmaris
Ingreso Materia Prima Bruta Propia,3153050,Kilos,Total Kilos mmpp de centros de la empresa ingresados a planta al mes,3,2021,Sudmaris
Ingreso Materia Prima Neta o Pagada Propia,2298721,Kilos,Total Kilos mmpp de centros de la empresa ingresados a planta después de descuentos por calidad al mes. Es la mmpp Pagada,3,2021,Sudmaris
Unidades por kilo mmpp propia*,66,uni/kg,Promedio Ponderado del Número de Mejillones por kilos de mmpp Neta propia al mes,3,2021,Sudmaris
Ingreso Materia Prima Bruta Terceros,1618932,Kilos,Total Kilos mmpp de centros de terceros ingresados a planta al mes,3,2021,Sudmaris
Ingreso Materia Prima Neta o Pagada Terceros,1426054,Kilos,Total Kilos mmpp de centros de  terceros ingresados a planta después de descuentos por calidad al mes. Es la mmpp Pagada,3,2021,Sudmaris
Unidades por kilo mmpp terceros*,59,uni/kg,Promedio Ponderado del Número de Mejillones por kilo de mmpp Neta de terceros al mes,3,2021,Sudmaris
Unidades por kilo mmpp propia*,66,Promedio Ponderado del Número de Mejillones por kilos de mmpp Neta propia al mes, ,3,2021,Sudmaris
Ingreso Materia Prima Bruta Propia,3294250.5,Kilos,Total Kilos mmpp de centros de la empresa ingresados a planta al mes,4,2021,Sudmaris
Ingreso Materia Prima Neta o Pagada Propia,2634603.7266499987,Kilos,Total Kilos mmpp de centros de la empresa ingresados a planta después de descuentos por calidad al mes. Es la mmpp Pagada,4,2021,Sudmaris
Unidades por kilo mmpp propia*,87,uni/kg,Promedio Ponderado del Número de Mejillones por kilos de mmpp Neta propia al mes,4,2021,Sudmaris
Ingreso Materia Prima Bruta Terceros,1089698.5,Kilos,Total Kilos mmpp de centros de terceros ingresados a planta al mes,4,2021,Sudmaris
Ingreso Materia Prima Neta o Pagada Terceros,968983.834,Kilos,Total Kilos mmpp de centros de  terceros ingresados a planta después de descuentos por calidad al mes. Es la mmpp Pagada,4,2021,Sudmaris
Unidades por kilo mmpp terceros*,49.129629629629626,uni/kg,Promedio Ponderado del Número de Mejillones por kilo de mmpp Neta de terceros al mes,4,2021,Sudmaris
Unidades por kilo mmpp propia*,87,Promedio Ponderado del Número de Mejillones por kilos de mmpp Neta propia al mes, ,4,2021,Sudmaris
Ingreso Materia Prima Bruta Propia,2937250,Kilos,Total Kilos mmpp de centros de la empresa ingresados a planta al mes,5,2021,Sudmaris
Ingreso Materia Prima Neta o Pagada Propia,2258486.684,Kilos,Total Kilos mmpp de centros de la empresa ingresados a planta después de descuentos por calidad al mes. Es la mmpp Pagada,5,2021,Sudmaris
Unidades por kilo mmpp propia*,82.619926199262,uni/kg,Promedio Ponderado del Número de Mejillones por kilos de mmpp Neta propia al mes,5,2021,Sudmaris
Ingreso Materia Prima Bruta Terceros,1208675,Kilos,Total Kilos mmpp de centros de terceros ingresados a planta al mes,5,2021,Sudmaris
Ingreso Materia Prima Neta o Pagada Terceros,1054905.6460000002,Kilos,Total Kilos mmpp de centros de  terceros ingresados a planta después de descuentos por calidad al mes. Es la mmpp Pagada,5,2021,Sudmaris
Unidades por kilo mmpp terceros*,50.968,uni/kg,Promedio Ponderado del Número de Mejillones por kilo de mmpp Neta de terceros al mes,5,2021,Sudmaris
Unidades por kilo mmpp propia*,82.619926199262,Promedio Ponderado del Número de Mejillones por kilos de mmpp Neta propia al mes, ,5,2021,Sudmaris
Ingreso Materia Prima Bruta Propia,2876653.5,Kilos,Total Kilos mmpp de centros de la empresa ingresados a planta al mes,6,2021,Sudmaris
Ingreso Materia Prima Neta o Pagada Propia,2317048.0699999994,Kilos,Total Kilos mmpp de centros de la empresa ingresados a planta después de descuentos por calidad al mes. Es la mmpp Pagada,6,2021,Sudmaris
Unidades por kilo mmpp propia*,87,uni/kg,Promedio Ponderado del Número de Mejillones por kilos de mmpp Neta propia al mes,6,2021,Sudmaris
Ingreso Materia Prima Bruta Terceros,1095123.5,Kilos,Total Kilos mmpp de centros de terceros ingresados a planta al mes,6,2021,Sudmaris
Ingreso Materia Prima Neta o Pagada Terceros,928906.6859999999,Kilos,Total Kilos mmpp de centros de  terceros ingresados a planta después de descuentos por calidad al mes. Es la mmpp Pagada,6,2021,Sudmaris
Unidades por kilo mmpp terceros*,53,uni/kg,Promedio Ponderado del Número de Mejillones por kilo de mmpp Neta de terceros al mes,6,2021,Sudmaris
Unidades por kilo mmpp propia*,87,Promedio Ponderado del Número de Mejillones por kilos de mmpp Neta propia al mes, ,6,2021,Sudmaris
Ingreso Materia Prima Bruta Propia,2648801.5,Kilos,Total Kilos mmpp de centros de la empresa ingresados a planta al mes,7,2021,Sudmaris
Ingreso Materia Prima Neta o Pagada Propia,1676993.8499999999,Kilos,Total Kilos mmpp de centros de la empresa ingresados a planta después de descuentos por calidad al mes. Es la mmpp Pagada,7,2021,Sudmaris
Unidades por kilo mmpp propia*,58.991769547325106,uni/kg,Promedio Ponderado del Número de Mejillones por kilos de mmpp Neta propia al mes,7,2021,Sudmaris
Ingreso Materia Prima Bruta Terceros,1448252,Kilos,Total Kilos mmpp de centros de terceros ingresados a planta al mes,7,2021,Sudmaris
Ingreso Materia Prima Neta o Pagada Terceros,1245556.5400000003,Kilos,Total Kilos mmpp de centros de  terceros ingresados a planta después de descuentos por calidad al mes. Es la mmpp Pagada,7,2021,Sudmaris
Unidades por kilo mmpp terceros*,55.74825174825175,uni/kg,Promedio Ponderado del Número de Mejillones por kilo de mmpp Neta de terceros al mes,7,2021,Sudmaris
Unidades por kilo mmpp propia*,58.991769547325106,Promedio Ponderado del Número de Mejillones por kilos de mmpp Neta propia al mes, ,7,2021,Sudmaris
Ingreso Materia Prima Bruta Propia,381190,Kilos,Total Kilos mmpp de centros de la empresa ingresados a planta al mes,8,2021,Sudmaris
Ingreso Materia Prima Neta o Pagada Propia,318517.1400000001,Kilos,Total Kilos mmpp de centros de la empresa ingresados a planta después de descuentos por calidad al mes. Es la mmpp Pagada,8,2021,Sudmaris
Unidades por kilo mmpp propia*,53.515151515151516,uni/kg,Promedio Ponderado del Número de Mejillones por kilos de mmpp Neta propia al mes,8,2021,Sudmaris
Ingreso Materia Prima Bruta Terceros,4016453.5,Kilos,Total Kilos mmpp de centros de terceros ingresados a planta al mes,8,2021,Sudmaris
Ingreso Materia Prima Neta o Pagada Terceros,3445273.3400000003,Kilos,Total Kilos mmpp de centros de  terceros ingresados a planta después de descuentos por calidad al mes. Es la mmpp Pagada,8,2021,Sudmaris
Unidades por kilo mmpp terceros*,62.724137931034484,uni/kg,Promedio Ponderado del Número de Mejillones por kilo de mmpp Neta de terceros al mes,8,2021,Sudmaris
Ingreso Materia Prima Bruta Propia,0,Kilos,Total Kilos mmpp de centros de la empresa ingresados a planta al mes,9,2021,Sudmaris
Ingreso Materia Prima Neta o Pagada Propia,0,Kilos,Total Kilos mmpp de centros de la empresa ingresados a planta después de descuentos por calidad al mes. Es la mmpp Pagada,9,2021,Sudmaris
Ingreso Materia Prima Bruta Terceros,532159.5,Kilos,Total Kilos mmpp de centros de terceros ingresados a planta al mes,9,2021,Sudmaris
Ingreso Materia Prima Neta o Pagada Terceros,463951.46000000014,Kilos,Total Kilos mmpp de centros de  terceros ingresados a planta después de descuentos por calidad al mes. Es la mmpp Pagada,9,2021,Sudmaris
Unidades por kilo mmpp terceros*,55,uni/kg,Promedio Ponderado del Número de Mejillones por kilo de mmpp Neta de terceros al mes,9,2021,Sudmaris
Ingreso Materia Prima Bruta Propia,2285150.0,Kilos,Total Kilos mmpp de centros de la empresa ingresados a planta al mes,1,2021,Blue Shell
Ingreso Materia Prima Neta Propia,2049661.0,Kilos,Total Kilos mmpp de centros de la empresa ingresados a planta después de descuentos por calidad al mes,1,2021,Blue Shell
Unidades por kilo mmpp propia*,55.0,uni/kg,Promedio Ponderado del Número de Mejillones por kilos de mmpp Neta propia al mes,1,2021,Blue Shell
Ingreso Materia Prima Bruta Terceros,2448660.0,Kilos,Total Kilos mmpp de centros de terceros ingresados a planta al mes,1,2021,Blue Shell
Ingreso Materia Prima Neta Terceros,2167151.0,Kilos,Total Kilos mmpp de centros de  terceros ingresados a planta después de descuentos por calidad al mes,1,2021,Blue Shell
Unidades por kilo mmpp terceros*,69.0,uni/kg,Promedio Ponderado del Número de Mejillones por kilo de mmpp Neta de terceros al mes,1,2021,Blue Shell
Ingreso Materia Prima Bruta Propia,1814450.0,Kilos,Total Kilos mmpp de centros de la empresa ingresados a planta al mes,2,2021,Blue Shell
Ingreso Materia Prima Neta Propia,1610978.0,Kilos,Total Kilos mmpp de centros de la empresa ingresados a planta después de descuentos por calidad al mes,2,2021,Blue Shell
Unidades por kilo mmpp propia*,48.0,uni/kg,Promedio Ponderado del Número de Mejillones por kilos de mmpp Neta propia al mes,2,2021,Blue Shell
Ingreso Materia Prima Bruta Terceros,2374390.0,Kilos,Total Kilos mmpp de centros de terceros ingresados a planta al mes,2,2021,Blue Shell
Ingreso Materia Prima Neta Terceros,2086552.0,Kilos,Total Kilos mmpp de centros de  terceros ingresados a planta después de descuentos por calidad al mes,2,2021,Blue Shell
Unidades por kilo mmpp terceros*,73.0,uni/kg,Promedio Ponderado del Número de Mejillones por kilo de mmpp Neta de terceros al mes,2,2021,Blue Shell
Ingreso Materia Prima Bruta Propia,1244540.0,Kilos,Total Kilos mmpp de centros de la empresa ingresados a planta al mes,3,2021,Blue Shell
Ingreso Materia Prima Neta Propia,1046435.0,Kilos,Total Kilos mmpp de centros de la empresa ingresados a planta después de descuentos por calidad al mes,3,2021,Blue Shell
Unidades por kilo mmpp propia*,72.0,uni/kg,Promedio Ponderado del Número de Mejillones por kilos de mmpp Neta propia al mes,3,2021,Blue Shell
Ingreso Materia Prima Bruta Terceros,3410900.0,Kilos,Total Kilos mmpp de centros de terceros ingresados a planta al mes,3,2021,Blue Shell
Ingreso Materia Prima Neta Terceros,3087413.0,Kilos,Total Kilos mmpp de centros de  terceros ingresados a planta después de descuentos por calidad al mes,3,2021,Blue Shell
Unidades por kilo mmpp terceros*,69.0,uni/kg,Promedio Ponderado del Número de Mejillones por kilo de mmpp Neta de terceros al mes,3,2021,Blue Shell
Ingreso Materia Prima Bruta Propia,713210.0,Kilos,Total Kilos mmpp de centros de la empresa ingresados a planta al mes,4,2021,Blue Shell
Ingreso Materia Prima Neta Propia,627628.0,Kilos,Total Kilos mmpp de centros de la empresa ingresados a planta después de descuentos por calidad al mes,4,2021,Blue Shell
Unidades por kilo mmpp propia*,72.0,uni/kg,Promedio Ponderado del Número de Mejillones por kilos de mmpp Neta propia al mes,4,2021,Blue Shell
Ingreso Materia Prima Bruta Terceros,3353630.0,Kilos,Total Kilos mmpp de centros de terceros ingresados a planta al mes,4,2021,Blue Shell
Ingreso Materia Prima Neta Terceros,2984611.0,Kilos,Total Kilos mmpp de centros de  terceros ingresados a planta después de descuentos por calidad al mes,4,2021,Blue Shell
Unidades por kilo mmpp terceros*,68.0,uni/kg,Promedio Ponderado del Número de Mejillones por kilo de mmpp Neta de terceros al mes,4,2021,Blue Shell
Ingreso Materia Prima Bruta Propia,1535990.0,Kilos,Total Kilos mmpp de centros de la empresa ingresados a planta al mes,5,2021,Blue Shell
Ingreso Materia Prima Neta Propia,1360721.0,Kilos,Total Kilos mmpp de centros de la empresa ingresados a planta después de descuentos por calidad al mes,5,2021,Blue Shell
Unidades por kilo mmpp propia*,64.0,uni/kg,Promedio Ponderado del Número de Mejillones por kilos de mmpp Neta propia al mes,5,2021,Blue Shell
Ingreso Materia Prima Bruta Terceros,3426891.0,Kilos,Total Kilos mmpp de centros de terceros ingresados a planta al mes,5,2021,Blue Shell
Ingreso Materia Prima Neta Terceros,3049516.0,Kilos,Total Kilos mmpp de centros de  terceros ingresados a planta después de descuentos por calidad al mes,5,2021,Blue Shell
Unidades por kilo mmpp terceros*,66.0,uni/kg,Promedio Ponderado del Número de Mejillones por kilo de mmpp Neta de terceros al mes,5,2021,Blue Shell
Ingreso Materia Prima Bruta Propia,1702690.0,Kilos,Total Kilos mmpp de centros de la empresa ingresados a planta al mes,6,2021,Blue Shell
Ingreso Materia Prima Neta Propia,1485184.0,Kilos,Total Kilos mmpp de centros de la empresa ingresados a planta después de descuentos por calidad al mes,6,2021,Blue Shell
Unidades por kilo mmpp propia*,56.0,uni/kg,Promedio Ponderado del Número de Mejillones por kilos de mmpp Neta propia al mes,6,2021,Blue Shell
Ingreso Materia Prima Bruta Terceros,3202770.0,Kilos,Total Kilos mmpp de centros de terceros ingresados a planta al mes,6,2021,Blue Shell
Ingreso Materia Prima Neta Terceros,2878760.0,Kilos,Total Kilos mmpp de centros de  terceros ingresados a planta después de descuentos por calidad al mes,6,2021,Blue Shell
Unidades por kilo mmpp terceros*,64.0,uni/kg,Promedio Ponderado del Número de Mejillones por kilo de mmpp Neta de terceros al mes,6,2021,Blue Shell
Ingreso Materia Prima Bruta Propia,2014570.0,Kilos,Total Kilos mmpp de centros de la empresa ingresados a planta al mes,7,2021,Blue Shell
Ingreso Materia Prima Neta Propia,1658567.0,Kilos,Total Kilos mmpp de centros de la empresa ingresados a planta después de descuentos por calidad al mes,7,2021,Blue Shell
Unidades por kilo mmpp propia*,49.0,uni/kg,Promedio Ponderado del Número de Mejillones por kilos de mmpp Neta propia al mes,7,2021,Blue Shell
Ingreso Materia Prima Bruta Terceros,2724160.0,Kilos,Total Kilos mmpp de centros de terceros ingresados a planta al mes,7,2021,Blue Shell
Ingreso Materia Prima Neta Terceros,2446999.0,Kilos,Total Kilos mmpp de centros de  terceros ingresados a planta después de descuentos por calidad al mes,7,2021,Blue Shell
Unidades por kilo mmpp terceros*,70.0,uni/kg,Promedio Ponderado del Número de Mejillones por kilo de mmpp Neta de terceros al mes,7,2021,Blue Shell
Ingreso Materia Prima Bruta Propia,907810.0,Kilos,Total Kilos mmpp de centros de la empresa ingresados a planta al mes,8,2021,Blue Shell
Ingreso Materia Prima Neta Propia,782004.0,Kilos,Total Kilos mmpp de centros de la empresa ingresados a planta después de descuentos por calidad al mes,8,2021,Blue Shell
Unidades por kilo mmpp propia*,55.0,uni/kg,Promedio Ponderado del Número de Mejillones por kilos de mmpp Neta propia al mes,8,2021,Blue Shell
Ingreso Materia Prima Bruta Terceros,1747930.0,Kilos,Total Kilos mmpp de centros de terceros ingresados a planta al mes,8,2021,Blue Shell
Ingreso Materia Prima Neta Terceros,1584996.0,Kilos,Total Kilos mmpp de centros de  terceros ingresados a planta después de descuentos por calidad al mes,8,2021,Blue Shell
Unidades por kilo mmpp terceros*,66.0,uni/kg,Promedio Ponderado del Número de Mejillones por kilo de mmpp Neta de terceros al mes,8,2021,Blue Shell
Ingreso Materia Prima Bruta Propia,0.0,Kilos,Total Kilos mmpp de centros de la empresa ingresados a planta al mes,9,2021,Blue Shell
Ingreso Materia Prima Neta Propia,0.0,Kilos,Total Kilos mmpp de centros de la empresa ingresados a planta después de descuentos por calidad al mes,9,2021,Blue Shell
Ingreso Materia Prima Bruta Terceros,0.0,Kilos,Total Kilos mmpp de centros de terceros ingresados a planta al mes,9,2021,Blue Shell
Ingreso Materia Prima Neta Terceros,0.0,Kilos,Total Kilos mmpp de centros de  terceros ingresados a planta después de descuentos por calidad al mes,9,2021,Blue Shell
