Producto,Calibre,Valor,Unidad de medida,Definición,Mes,Año,Empresa
Carne,50-100 UNI/KG,,Kilos,Kg netos del producto empacados en el mes*,9,2021,Chonchi
Carne,100-200 UNI/KG,1870,Kilos,Kg netos del producto empacados en el mes*,9,2021,Chonchi
Carne,200-300 UNI/KG,11010,Kilos,Kg netos del producto empacados en el mes*,9,2021,Chonchi
Carne,300-500 UNI/KG,34650,Kilos,Kg netos del producto empacados en el mes*,9,2021,Chonchi
Carne,500-1000 UNI/KG,4550,Kilos,Kg netos del producto empacados en el mes*,9,2021,Chonchi
Carne,INDUSTRIAL,2600,Kilos,Kg netos del producto empacados en el mes*,9,2021,Chonchi
Media Concha,40-60 UNI/KG,,Kilos,Kg netos del producto empacados en el mes*,9,2021,Chonchi
Media Concha,60-80 UNI/KG,,Kilos,Kg netos del producto empacados en el mes*,9,2021,Chonchi
Media Concha,80-100 UNI/KG,,Kilos,Kg netos del producto empacados en el mes*,9,2021,Chonchi
Media Concha,100 UP UNI/KG,,Kilos,Kg netos del producto empacados en el mes*,9,2021,Chonchi
Entero,NATURAL,156014.69,Kilos,Kg netos del producto empacados en el mes*,9,2021,Chonchi
Entero,CON SALSA,31454.6,Kilos,Kg netos del producto empacados en el mes*,9,2021,Chonchi
Entero,NATURAL,,Kilos,Kg netos del producto empacados en el mes*,9,2021,Chonchi
Entero,CON SALSA,,Kilos,Kg netos del producto empacados en el mes*,9,2021,Chonchi
Rendimiento Olla mmpp Propia,,0.182,%,Proporción de carne en base a kilos mmpp propia ingresada a planta del mes**,9,2021,Chonchi
Rendimiento Olla mmpp Terceros,,0.18,%,Proporción de carne en base a kilos mmpp de terceros ingresada a planta del mes**,9,2021,Chonchi
Carne,50-100 UNI/KG,4620,Kilos,Kg netos del producto empacados en el mes*,6,2021,Chonchi
Carne,100-200 UNI/KG,85610,Kilos,Kg netos del producto empacados en el mes*,6,2021,Chonchi
Carne,200-300 UNI/KG,260570,Kilos,Kg netos del producto empacados en el mes*,6,2021,Chonchi
Carne,300-500 UNI/KG,391210,Kilos,Kg netos del producto empacados en el mes*,6,2021,Chonchi
Carne,500-1000 UNI/KG,24190,Kilos,Kg netos del producto empacados en el mes*,6,2021,Chonchi
Carne,INDUSTRIAL,30970,Kilos,Kg netos del producto empacados en el mes*,6,2021,Chonchi
Media Concha,40-60 UNI/KG,,Kilos,Kg netos del producto empacados en el mes*,6,2021,Chonchi
Media Concha,60-80 UNI/KG,,Kilos,Kg netos del producto empacados en el mes*,6,2021,Chonchi
Media Concha,80-100 UNI/KG,,Kilos,Kg netos del producto empacados en el mes*,6,2021,Chonchi
Media Concha,100 UP UNI/KG,,Kilos,Kg netos del producto empacados en el mes*,6,2021,Chonchi
Entero,NATURAL,225805,Kilos,Kg netos del producto empacados en el mes*,6,2021,Chonchi
Entero,CON SALSA,40485,Kilos,Kg netos del producto empacados en el mes*,6,2021,Chonchi
Entero,NATURAL,,Kilos,Kg netos del producto empacados en el mes*,6,2021,Chonchi
Entero,CON SALSA,,Kilos,Kg netos del producto empacados en el mes*,6,2021,Chonchi
Rendimiento Olla mmpp Propia,,0.218,%,Proporción de carne en base a kilos mmpp propia ingresada a planta del mes**,6,2021,Chonchi
Rendimiento Olla mmpp Terceros,,0.22,%,Proporción de carne en base a kilos mmpp de terceros ingresada a planta del mes**,6,2021,Chonchi
Carne,50-100 UNI/KG,9860,Kilos,Kg netos del producto empacados en el mes*,5,2021,Chonchi
Carne,100-200 UNI/KG,76192,Kilos,Kg netos del producto empacados en el mes*,5,2021,Chonchi
Carne,200-300 UNI/KG,456821.51,Kilos,Kg netos del producto empacados en el mes*,5,2021,Chonchi
Carne,300-500 UNI/KG,694348,Kilos,Kg netos del producto empacados en el mes*,5,2021,Chonchi
Carne,500-1000 UNI/KG,33410,Kilos,Kg netos del producto empacados en el mes*,5,2021,Chonchi
Carne,INDUSTRIAL,39750,Kilos,Kg netos del producto empacados en el mes*,5,2021,Chonchi
Media Concha,40-60 UNI/KG,,Kilos,Kg netos del producto empacados en el mes*,5,2021,Chonchi
Media Concha,60-80 UNI/KG,,Kilos,Kg netos del producto empacados en el mes*,5,2021,Chonchi
Media Concha,80-100 UNI/KG,,Kilos,Kg netos del producto empacados en el mes*,5,2021,Chonchi
Media Concha,100 UP UNI/KG,,Kilos,Kg netos del producto empacados en el mes*,5,2021,Chonchi
Entero,NATURAL,203268,Kilos,Kg netos del producto empacados en el mes*,5,2021,Chonchi
Entero,CON SALSA,,Kilos,Kg netos del producto empacados en el mes*,5,2021,Chonchi
Entero,NATURAL,,Kilos,Kg netos del producto empacados en el mes*,5,2021,Chonchi
Entero,CON SALSA,,Kilos,Kg netos del producto empacados en el mes*,5,2021,Chonchi
Rendimiento Olla mmpp Propia,,0.229,%,Proporción de carne en base a kilos mmpp propia ingresada a planta del mes**,5,2021,Chonchi
Rendimiento Olla mmpp Terceros,,0.237,%,Proporción de carne en base a kilos mmpp de terceros ingresada a planta del mes**,5,2021,Chonchi
Carne,50-100 UNI/KG,3420,Kilos,Kg netos del producto empacados en el mes*,1,2021,Chonchi
Carne,100-200 UNI/KG,515410,Kilos,Kg netos del producto empacados en el mes*,1,2021,Chonchi
Carne,200-300 UNI/KG,505390,Kilos,Kg netos del producto empacados en el mes*,1,2021,Chonchi
Carne,300-500 UNI/KG,50820,Kilos,Kg netos del producto empacados en el mes*,1,2021,Chonchi
Carne,500-1000 UNI/KG,8070,Kilos,Kg netos del producto empacados en el mes*,1,2021,Chonchi
Carne,INDUSTRIAL,77360,Kilos,Kg netos del producto empacados en el mes*,1,2021,Chonchi
Media Concha,40-60 UNI/KG,8613,Kilos,Kg netos del producto empacados en el mes*,1,2021,Chonchi
Media Concha,60-80 UNI/KG,42822,Kilos,Kg netos del producto empacados en el mes*,1,2021,Chonchi
Media Concha,80-100 UNI/KG,63,Kilos,Kg netos del producto empacados en el mes*,1,2021,Chonchi
Media Concha,100 UP UNI/KG,,Kilos,Kg netos del producto empacados en el mes*,1,2021,Chonchi
Entero,NATURAL,80377,Kilos,Kg netos del producto empacados en el mes*,1,2021,Chonchi
Entero,CON SALSA,46692,Kilos,Kg netos del producto empacados en el mes*,1,2021,Chonchi
Entero,NATURAL,,Kilos,Kg netos del producto empacados en el mes*,1,2021,Chonchi
Entero,CON SALSA,,Kilos,Kg netos del producto empacados en el mes*,1,2021,Chonchi
Rendimiento Olla mmpp Propia,,0.3,%,Proporción de carne en base a kilos mmpp propia ingresada a planta del mes**,1,2021,Chonchi
Rendimiento Olla mmpp Terceros,,0.229,%,Proporción de carne en base a kilos mmpp de terceros ingresada a planta del mes**,1,2021,Chonchi
Carne,50-100 UNI/KG,,Kilos,Kg netos del producto empacados en el mes*,8,2021,Chonchi
Carne,100-200 UNI/KG,3040,Kilos,Kg netos del producto empacados en el mes*,8,2021,Chonchi
Carne,200-300 UNI/KG,17570,Kilos,Kg netos del producto empacados en el mes*,8,2021,Chonchi
Carne,300-500 UNI/KG,59640,Kilos,Kg netos del producto empacados en el mes*,8,2021,Chonchi
Carne,500-1000 UNI/KG,7510,Kilos,Kg netos del producto empacados en el mes*,8,2021,Chonchi
Carne,INDUSTRIAL,3820,Kilos,Kg netos del producto empacados en el mes*,8,2021,Chonchi
Media Concha,40-60 UNI/KG,,Kilos,Kg netos del producto empacados en el mes*,8,2021,Chonchi
Media Concha,60-80 UNI/KG,,Kilos,Kg netos del producto empacados en el mes*,8,2021,Chonchi
Media Concha,80-100 UNI/KG,,Kilos,Kg netos del producto empacados en el mes*,8,2021,Chonchi
Media Concha,100 UP UNI/KG,,Kilos,Kg netos del producto empacados en el mes*,8,2021,Chonchi
Entero,NATURAL,365628.6,Kilos,Kg netos del producto empacados en el mes*,8,2021,Chonchi
Entero,CON SALSA,61094.78,Kilos,Kg netos del producto empacados en el mes*,8,2021,Chonchi
Entero,NATURAL,,Kilos,Kg netos del producto empacados en el mes*,8,2021,Chonchi
Entero,CON SALSA,,Kilos,Kg netos del producto empacados en el mes*,8,2021,Chonchi
Rendimiento Olla mmpp Propia,,0.194,%,Proporción de carne en base a kilos mmpp propia ingresada a planta del mes**,8,2021,Chonchi
Rendimiento Olla mmpp Terceros,,0.187,%,Proporción de carne en base a kilos mmpp de terceros ingresada a planta del mes**,8,2021,Chonchi
Carne,50-100 UNI/KG,1580,Kilos,Kg netos del producto empacados en el mes*,2,2021,Chonchi
Carne,100-200 UNI/KG,462170,Kilos,Kg netos del producto empacados en el mes*,2,2021,Chonchi
Carne,200-300 UNI/KG,596390,Kilos,Kg netos del producto empacados en el mes*,2,2021,Chonchi
Carne,300-500 UNI/KG,70540,Kilos,Kg netos del producto empacados en el mes*,2,2021,Chonchi
Carne,500-1000 UNI/KG,11790,Kilos,Kg netos del producto empacados en el mes*,2,2021,Chonchi
Carne,INDUSTRIAL,51270,Kilos,Kg netos del producto empacados en el mes*,2,2021,Chonchi
Media Concha,40-60 UNI/KG,3690,Kilos,Kg netos del producto empacados en el mes*,2,2021,Chonchi
Media Concha,60-80 UNI/KG,10809,Kilos,Kg netos del producto empacados en el mes*,2,2021,Chonchi
Media Concha,80-100 UNI/KG,972,Kilos,Kg netos del producto empacados en el mes*,2,2021,Chonchi
Media Concha,100 UP UNI/KG,,Kilos,Kg netos del producto empacados en el mes*,2,2021,Chonchi
Entero,NATURAL,92503,Kilos,Kg netos del producto empacados en el mes*,2,2021,Chonchi
Entero,CON SALSA,86492,Kilos,Kg netos del producto empacados en el mes*,2,2021,Chonchi
Entero,NATURAL,,Kilos,Kg netos del producto empacados en el mes*,2,2021,Chonchi
Entero,CON SALSA,,Kilos,Kg netos del producto empacados en el mes*,2,2021,Chonchi
Rendimiento Olla mmpp Propia,,0.251,%,Proporción de carne en base a kilos mmpp propia ingresada a planta del mes**,2,2021,Chonchi
Rendimiento Olla mmpp Terceros,,0.263,%,Proporción de carne en base a kilos mmpp de terceros ingresada a planta del mes**,2,2021,Chonchi
Carne,50-100 UNI/KG,2920,Kilos,Kg netos del producto empacados en el mes*,7,2021,Chonchi
Carne,100-200 UNI/KG,28910,Kilos,Kg netos del producto empacados en el mes*,7,2021,Chonchi
Carne,200-300 UNI/KG,184370,Kilos,Kg netos del producto empacados en el mes*,7,2021,Chonchi
Carne,300-500 UNI/KG,347580,Kilos,Kg netos del producto empacados en el mes*,7,2021,Chonchi
Carne,500-1000 UNI/KG,26730,Kilos,Kg netos del producto empacados en el mes*,7,2021,Chonchi
Carne,INDUSTRIAL,18090,Kilos,Kg netos del producto empacados en el mes*,7,2021,Chonchi
Media Concha,40-60 UNI/KG,,Kilos,Kg netos del producto empacados en el mes*,7,2021,Chonchi
Media Concha,60-80 UNI/KG,,Kilos,Kg netos del producto empacados en el mes*,7,2021,Chonchi
Media Concha,80-100 UNI/KG,,Kilos,Kg netos del producto empacados en el mes*,7,2021,Chonchi
Media Concha,100 UP UNI/KG,,Kilos,Kg netos del producto empacados en el mes*,7,2021,Chonchi
Entero,NATURAL,269525.7,Kilos,Kg netos del producto empacados en el mes*,7,2021,Chonchi
Entero,CON SALSA,32295,Kilos,Kg netos del producto empacados en el mes*,7,2021,Chonchi
Entero,NATURAL,,Kilos,Kg netos del producto empacados en el mes*,7,2021,Chonchi
Entero,CON SALSA,,Kilos,Kg netos del producto empacados en el mes*,7,2021,Chonchi
Rendimiento Olla mmpp Propia,,0.217,%,Proporción de carne en base a kilos mmpp propia ingresada a planta del mes**,7,2021,Chonchi
Rendimiento Olla mmpp Terceros,,0.207,%,Proporción de carne en base a kilos mmpp de terceros ingresada a planta del mes**,7,2021,Chonchi
Carne,50-100 UNI/KG,1400,Kilos,Kg netos del producto empacados en el mes*,3,2021,Chonchi
Carne,100-200 UNI/KG,726810,Kilos,Kg netos del producto empacados en el mes*,3,2021,Chonchi
Carne,200-300 UNI/KG,729310,Kilos,Kg netos del producto empacados en el mes*,3,2021,Chonchi
Carne,300-500 UNI/KG,64580,Kilos,Kg netos del producto empacados en el mes*,3,2021,Chonchi
Carne,500-1000 UNI/KG,11510,Kilos,Kg netos del producto empacados en el mes*,3,2021,Chonchi
Carne,INDUSTRIAL,53590,Kilos,Kg netos del producto empacados en el mes*,3,2021,Chonchi
Media Concha,40-60 UNI/KG,378,Kilos,Kg netos del producto empacados en el mes*,3,2021,Chonchi
Media Concha,60-80 UNI/KG,1188,Kilos,Kg netos del producto empacados en el mes*,3,2021,Chonchi
Media Concha,80-100 UNI/KG,225,Kilos,Kg netos del producto empacados en el mes*,3,2021,Chonchi
Media Concha,100 UP UNI/KG,9,Kilos,Kg netos del producto empacados en el mes*,3,2021,Chonchi
Entero,NATURAL,245417,Kilos,Kg netos del producto empacados en el mes*,3,2021,Chonchi
Entero,CON SALSA,69030,Kilos,Kg netos del producto empacados en el mes*,3,2021,Chonchi
Entero,NATURAL,,Kilos,Kg netos del producto empacados en el mes*,3,2021,Chonchi
Entero,CON SALSA,,Kilos,Kg netos del producto empacados en el mes*,3,2021,Chonchi
Rendimiento Olla mmpp Propia,,0.266,%,Proporción de carne en base a kilos mmpp propia ingresada a planta del mes**,3,2021,Chonchi
Rendimiento Olla mmpp Terceros,,0.27,%,Proporción de carne en base a kilos mmpp de terceros ingresada a planta del mes**,3,2021,Chonchi
Carne,50-100 UNI/KG,4550,Kilos,Kg netos del producto empacados en el mes*,4,2021,Chonchi
Carne,100-200 UNI/KG,229230,Kilos,Kg netos del producto empacados en el mes*,4,2021,Chonchi
Carne,200-300 UNI/KG,544424.49,Kilos,Kg netos del producto empacados en el mes*,4,2021,Chonchi
Carne,300-500 UNI/KG,399010,Kilos,Kg netos del producto empacados en el mes*,4,2021,Chonchi
Carne,500-1000 UNI/KG,11500,Kilos,Kg netos del producto empacados en el mes*,4,2021,Chonchi
Carne,INDUSTRIAL,40800,Kilos,Kg netos del producto empacados en el mes*,4,2021,Chonchi
Media Concha,40-60 UNI/KG,,Kilos,Kg netos del producto empacados en el mes*,4,2021,Chonchi
Media Concha,60-80 UNI/KG,,Kilos,Kg netos del producto empacados en el mes*,4,2021,Chonchi
Media Concha,80-100 UNI/KG,,Kilos,Kg netos del producto empacados en el mes*,4,2021,Chonchi
Media Concha,100 UP UNI/KG,,Kilos,Kg netos del producto empacados en el mes*,4,2021,Chonchi
Entero,NATURAL,264680,Kilos,Kg netos del producto empacados en el mes*,4,2021,Chonchi
Entero,CON SALSA,14024,Kilos,Kg netos del producto empacados en el mes*,4,2021,Chonchi
Entero,NATURAL,,Kilos,Kg netos del producto empacados en el mes*,4,2021,Chonchi
Entero,CON SALSA,,Kilos,Kg netos del producto empacados en el mes*,4,2021,Chonchi
Rendimiento Olla mmpp Propia,,0.239,%,Proporción de carne en base a kilos mmpp propia ingresada a planta del mes**,4,2021,Chonchi
Rendimiento Olla mmpp Terceros,,0.228,%,Proporción de carne en base a kilos mmpp de terceros ingresada a planta del mes**,4,2021,Chonchi
Carne,50-100 UNI/KG,540,Kilos,Kg netos del producto empacados en el mes*,9,2021,Quemchi
Carne,100-200 UNI/KG,9320,Kilos,Kg netos del producto empacados en el mes*,9,2021,Quemchi
Carne,200-300 UNI/KG,21214.2,Kilos,Kg netos del producto empacados en el mes*,9,2021,Quemchi
Carne,300-500 UNI/KG,118500,Kilos,Kg netos del producto empacados en el mes*,9,2021,Quemchi
Carne,500-1000 UNI/KG,22640,Kilos,Kg netos del producto empacados en el mes*,9,2021,Quemchi
Carne,INDUSTRIAL,6240,Kilos,Kg netos del producto empacados en el mes*,9,2021,Quemchi
Media Concha,40-60 UNI/KG,2098,Kilos,Kg netos del producto empacados en el mes*,9,2021,Quemchi
Media Concha,60-80 UNI/KG,1373,Kilos,Kg netos del producto empacados en el mes*,9,2021,Quemchi
Media Concha,80-100 UNI/KG,11925,Kilos,Kg netos del producto empacados en el mes*,9,2021,Quemchi
Media Concha,100 UP UNI/KG,,Kilos,Kg netos del producto empacados en el mes*,9,2021,Quemchi
Entero,NATURAL,211099,Kilos,Kg netos del producto empacados en el mes*,9,2021,Quemchi
Entero,CON SALSA,,Kilos,Kg netos del producto empacados en el mes*,9,2021,Quemchi
Entero,NATURAL,,Kilos,Kg netos del producto empacados en el mes*,9,2021,Quemchi
Entero,CON SALSA,,Kilos,Kg netos del producto empacados en el mes*,9,2021,Quemchi
Rendimiento Olla mmpp Propia,,0.202,%,Proporción de carne en base a kilos mmpp propia ingresada a planta del mes**,9,2021,Quemchi
Rendimiento Olla mmpp Terceros,,0.184,%,Proporción de carne en base a kilos mmpp de terceros ingresada a planta del mes**,9,2021,Quemchi
Carne,50-100 UNI/KG,5570,Kilos,Kg netos del producto empacados en el mes*,6,2021,Quemchi
Carne,100-200 UNI/KG,199480,Kilos,Kg netos del producto empacados en el mes*,6,2021,Quemchi
Carne,200-300 UNI/KG,352960.80000000005,Kilos,Kg netos del producto empacados en el mes*,6,2021,Quemchi
Carne,300-500 UNI/KG,169692,Kilos,Kg netos del producto empacados en el mes*,6,2021,Quemchi
Carne,500-1000 UNI/KG,26430,Kilos,Kg netos del producto empacados en el mes*,6,2021,Quemchi
Carne,INDUSTRIAL,35860,Kilos,Kg netos del producto empacados en el mes*,6,2021,Quemchi
Media Concha,40-60 UNI/KG,13644,Kilos,Kg netos del producto empacados en el mes*,6,2021,Quemchi
Media Concha,60-80 UNI/KG,24471,Kilos,Kg netos del producto empacados en el mes*,6,2021,Quemchi
Media Concha,80-100 UNI/KG,3188,Kilos,Kg netos del producto empacados en el mes*,6,2021,Quemchi
Media Concha,100 UP UNI/KG,,Kilos,Kg netos del producto empacados en el mes*,6,2021,Quemchi
Entero,NATURAL,263968,Kilos,Kg netos del producto empacados en el mes*,6,2021,Quemchi
Entero,CON SALSA,21793,Kilos,Kg netos del producto empacados en el mes*,6,2021,Quemchi
Entero,NATURAL,,Kilos,Kg netos del producto empacados en el mes*,6,2021,Quemchi
Entero,CON SALSA,,Kilos,Kg netos del producto empacados en el mes*,6,2021,Quemchi
Rendimiento Olla mmpp Propia,,0.247,%,Proporción de carne en base a kilos mmpp propia ingresada a planta del mes**,6,2021,Quemchi
Rendimiento Olla mmpp Terceros,,0.228,%,Proporción de carne en base a kilos mmpp de terceros ingresada a planta del mes**,6,2021,Quemchi
Carne,50-100 UNI/KG,4740,Kilos,Kg netos del producto empacados en el mes*,5,2021,Quemchi
Carne,100-200 UNI/KG,92576,Kilos,Kg netos del producto empacados en el mes*,5,2021,Quemchi
Carne,200-300 UNI/KG,453333.4,Kilos,Kg netos del producto empacados en el mes*,5,2021,Quemchi
Carne,300-500 UNI/KG,206038,Kilos,Kg netos del producto empacados en el mes*,5,2021,Quemchi
Carne,500-1000 UNI/KG,16500,Kilos,Kg netos del producto empacados en el mes*,5,2021,Quemchi
Carne,INDUSTRIAL,31330,Kilos,Kg netos del producto empacados en el mes*,5,2021,Quemchi
Media Concha,40-60 UNI/KG,11034,Kilos,Kg netos del producto empacados en el mes*,5,2021,Quemchi
Media Concha,60-80 UNI/KG,28733,Kilos,Kg netos del producto empacados en el mes*,5,2021,Quemchi
Media Concha,80-100 UNI/KG,4725,Kilos,Kg netos del producto empacados en el mes*,5,2021,Quemchi
Media Concha,100 UP UNI/KG,1998,Kilos,Kg netos del producto empacados en el mes*,5,2021,Quemchi
Entero,NATURAL,,Kilos,Kg netos del producto empacados en el mes*,5,2021,Quemchi
Entero,CON SALSA,,Kilos,Kg netos del producto empacados en el mes*,5,2021,Quemchi
Entero,NATURAL,,Kilos,Kg netos del producto empacados en el mes*,5,2021,Quemchi
Entero,CON SALSA,,Kilos,Kg netos del producto empacados en el mes*,5,2021,Quemchi
Rendimiento Olla mmpp Propia,,0.259,%,Proporción de carne en base a kilos mmpp propia ingresada a planta del mes**,5,2021,Quemchi
Rendimiento Olla mmpp Terceros,,0.239,%,Proporción de carne en base a kilos mmpp de terceros ingresada a planta del mes**,5,2021,Quemchi
Carne,50-100 UNI/KG,7550,Kilos,Kg netos del producto empacados en el mes*,1,2021,Quemchi
Carne,100-200 UNI/KG,364450,Kilos,Kg netos del producto empacados en el mes*,1,2021,Quemchi
Carne,200-300 UNI/KG,370109,Kilos,Kg netos del producto empacados en el mes*,1,2021,Quemchi
Carne,300-500 UNI/KG,29570,Kilos,Kg netos del producto empacados en el mes*,1,2021,Quemchi
Carne,500-1000 UNI/KG,5320,Kilos,Kg netos del producto empacados en el mes*,1,2021,Quemchi
Carne,INDUSTRIAL,53150,Kilos,Kg netos del producto empacados en el mes*,1,2021,Quemchi
Media Concha,40-60 UNI/KG,19539,Kilos,Kg netos del producto empacados en el mes*,1,2021,Quemchi
Media Concha,60-80 UNI/KG,19262,Kilos,Kg netos del producto empacados en el mes*,1,2021,Quemchi
Media Concha,80-100 UNI/KG,,Kilos,Kg netos del producto empacados en el mes*,1,2021,Quemchi
Media Concha,100 UP UNI/KG,,Kilos,Kg netos del producto empacados en el mes*,1,2021,Quemchi
Entero,NATURAL,311571.9,Kilos,Kg netos del producto empacados en el mes*,1,2021,Quemchi
Entero,CON SALSA,35497.97,Kilos,Kg netos del producto empacados en el mes*,1,2021,Quemchi
Entero,NATURAL,,Kilos,Kg netos del producto empacados en el mes*,1,2021,Quemchi
Entero,CON SALSA,,Kilos,Kg netos del producto empacados en el mes*,1,2021,Quemchi
Rendimiento Olla mmpp Propia,,0.33,%,Proporción de carne en base a kilos mmpp propia ingresada a planta del mes**,1,2021,Quemchi
Rendimiento Olla mmpp Terceros,,0.261,%,Proporción de carne en base a kilos mmpp de terceros ingresada a planta del mes**,1,2021,Quemchi
Carne,50-100 UNI/KG,1010,Kilos,Kg netos del producto empacados en el mes*,8,2021,Quemchi
Carne,100-200 UNI/KG,24830,Kilos,Kg netos del producto empacados en el mes*,8,2021,Quemchi
Carne,200-300 UNI/KG,44749.2,Kilos,Kg netos del producto empacados en el mes*,8,2021,Quemchi
Carne,300-500 UNI/KG,181160,Kilos,Kg netos del producto empacados en el mes*,8,2021,Quemchi
Carne,500-1000 UNI/KG,24700,Kilos,Kg netos del producto empacados en el mes*,8,2021,Quemchi
Carne,INDUSTRIAL,12980,Kilos,Kg netos del producto empacados en el mes*,8,2021,Quemchi
Media Concha,40-60 UNI/KG,5499,Kilos,Kg netos del producto empacados en el mes*,8,2021,Quemchi
Media Concha,60-80 UNI/KG,32432,Kilos,Kg netos del producto empacados en el mes*,8,2021,Quemchi
Media Concha,80-100 UNI/KG,9299,Kilos,Kg netos del producto empacados en el mes*,8,2021,Quemchi
Media Concha,100 UP UNI/KG,9,Kilos,Kg netos del producto empacados en el mes*,8,2021,Quemchi
Entero,NATURAL,383130,Kilos,Kg netos del producto empacados en el mes*,8,2021,Quemchi
Entero,CON SALSA,18350,Kilos,Kg netos del producto empacados en el mes*,8,2021,Quemchi
Entero,NATURAL,,Kilos,Kg netos del producto empacados en el mes*,8,2021,Quemchi
Entero,CON SALSA,,Kilos,Kg netos del producto empacados en el mes*,8,2021,Quemchi
Rendimiento Olla mmpp Propia,,0.216,%,Proporción de carne en base a kilos mmpp propia ingresada a planta del mes**,8,2021,Quemchi
Rendimiento Olla mmpp Terceros,,0.206,%,Proporción de carne en base a kilos mmpp de terceros ingresada a planta del mes**,8,2021,Quemchi
Carne,50-100 UNI/KG,3450,Kilos,Kg netos del producto empacados en el mes*,2,2021,Quemchi
Carne,100-200 UNI/KG,252780,Kilos,Kg netos del producto empacados en el mes*,2,2021,Quemchi
Carne,200-300 UNI/KG,380538.80000000005,Kilos,Kg netos del producto empacados en el mes*,2,2021,Quemchi
Carne,300-500 UNI/KG,32867,Kilos,Kg netos del producto empacados en el mes*,2,2021,Quemchi
Carne,500-1000 UNI/KG,4980,Kilos,Kg netos del producto empacados en el mes*,2,2021,Quemchi
Carne,INDUSTRIAL,35760,Kilos,Kg netos del producto empacados en el mes*,2,2021,Quemchi
Media Concha,40-60 UNI/KG,13338,Kilos,Kg netos del producto empacados en el mes*,2,2021,Quemchi
Media Concha,60-80 UNI/KG,16542,Kilos,Kg netos del producto empacados en el mes*,2,2021,Quemchi
Media Concha,80-100 UNI/KG,1298,Kilos,Kg netos del producto empacados en el mes*,2,2021,Quemchi
Media Concha,100 UP UNI/KG,,Kilos,Kg netos del producto empacados en el mes*,2,2021,Quemchi
Entero,NATURAL,320126,Kilos,Kg netos del producto empacados en el mes*,2,2021,Quemchi
Entero,CON SALSA,22380,Kilos,Kg netos del producto empacados en el mes*,2,2021,Quemchi
Entero,NATURAL,,Kilos,Kg netos del producto empacados en el mes*,2,2021,Quemchi
Entero,CON SALSA,,Kilos,Kg netos del producto empacados en el mes*,2,2021,Quemchi
Rendimiento Olla mmpp Propia,,0.271,%,Proporción de carne en base a kilos mmpp propia ingresada a planta del mes**,2,2021,Quemchi
Rendimiento Olla mmpp Terceros,,0.304,%,Proporción de carne en base a kilos mmpp de terceros ingresada a planta del mes**,2,2021,Quemchi
Carne,50-100 UNI/KG,3880,Kilos,Kg netos del producto empacados en el mes*,7,2021,Quemchi
Carne,100-200 UNI/KG,152310,Kilos,Kg netos del producto empacados en el mes*,7,2021,Quemchi
Carne,200-300 UNI/KG,222267.2,Kilos,Kg netos del producto empacados en el mes*,7,2021,Quemchi
Carne,300-500 UNI/KG,260088,Kilos,Kg netos del producto empacados en el mes*,7,2021,Quemchi
Carne,500-1000 UNI/KG,23060,Kilos,Kg netos del producto empacados en el mes*,7,2021,Quemchi
Carne,INDUSTRIAL,34760,Kilos,Kg netos del producto empacados en el mes*,7,2021,Quemchi
Media Concha,40-60 UNI/KG,2655,Kilos,Kg netos del producto empacados en el mes*,7,2021,Quemchi
Media Concha,60-80 UNI/KG,17713,Kilos,Kg netos del producto empacados en el mes*,7,2021,Quemchi
Media Concha,80-100 UNI/KG,4043,Kilos,Kg netos del producto empacados en el mes*,7,2021,Quemchi
Media Concha,100 UP UNI/KG,36,Kilos,Kg netos del producto empacados en el mes*,7,2021,Quemchi
Entero,NATURAL,359275,Kilos,Kg netos del producto empacados en el mes*,7,2021,Quemchi
Entero,CON SALSA,1825,Kilos,Kg netos del producto empacados en el mes*,7,2021,Quemchi
Entero,NATURAL,,Kilos,Kg netos del producto empacados en el mes*,7,2021,Quemchi
Entero,CON SALSA,,Kilos,Kg netos del producto empacados en el mes*,7,2021,Quemchi
Rendimiento Olla mmpp Propia,,0.229,%,Proporción de carne en base a kilos mmpp propia ingresada a planta del mes**,7,2021,Quemchi
Rendimiento Olla mmpp Terceros,,0.215,%,Proporción de carne en base a kilos mmpp de terceros ingresada a planta del mes**,7,2021,Quemchi
Carne,50-100 UNI/KG,2520,Kilos,Kg netos del producto empacados en el mes*,3,2021,Quemchi
Carne,100-200 UNI/KG,378010,Kilos,Kg netos del producto empacados en el mes*,3,2021,Quemchi
Carne,200-300 UNI/KG,440133.6,Kilos,Kg netos del producto empacados en el mes*,3,2021,Quemchi
Carne,300-500 UNI/KG,34706,Kilos,Kg netos del producto empacados en el mes*,3,2021,Quemchi
Carne,500-1000 UNI/KG,5940,Kilos,Kg netos del producto empacados en el mes*,3,2021,Quemchi
Carne,INDUSTRIAL,34060,Kilos,Kg netos del producto empacados en el mes*,3,2021,Quemchi
Media Concha,40-60 UNI/KG,19512,Kilos,Kg netos del producto empacados en el mes*,3,2021,Quemchi
Media Concha,60-80 UNI/KG,28125,Kilos,Kg netos del producto empacados en el mes*,3,2021,Quemchi
Media Concha,80-100 UNI/KG,1060,Kilos,Kg netos del producto empacados en el mes*,3,2021,Quemchi
Media Concha,100 UP UNI/KG,,Kilos,Kg netos del producto empacados en el mes*,3,2021,Quemchi
Entero,NATURAL,412263,Kilos,Kg netos del producto empacados en el mes*,3,2021,Quemchi
Entero,CON SALSA,,Kilos,Kg netos del producto empacados en el mes*,3,2021,Quemchi
Entero,NATURAL,,Kilos,Kg netos del producto empacados en el mes*,3,2021,Quemchi
Entero,CON SALSA,,Kilos,Kg netos del producto empacados en el mes*,3,2021,Quemchi
Rendimiento Olla mmpp Propia,,0.283,%,Proporción de carne en base a kilos mmpp propia ingresada a planta del mes**,3,2021,Quemchi
Rendimiento Olla mmpp Terceros,,0.275,%,Proporción de carne en base a kilos mmpp de terceros ingresada a planta del mes**,3,2021,Quemchi
Carne,50-100 UNI/KG,4470,Kilos,Kg netos del producto empacados en el mes*,4,2021,Quemchi
Carne,100-200 UNI/KG,152360,Kilos,Kg netos del producto empacados en el mes*,4,2021,Quemchi
Carne,200-300 UNI/KG,469498.2,Kilos,Kg netos del producto empacados en el mes*,4,2021,Quemchi
Carne,300-500 UNI/KG,125236,Kilos,Kg netos del producto empacados en el mes*,4,2021,Quemchi
Carne,500-1000 UNI/KG,5900,Kilos,Kg netos del producto empacados en el mes*,4,2021,Quemchi
Carne,INDUSTRIAL,36770,Kilos,Kg netos del producto empacados en el mes*,4,2021,Quemchi
Media Concha,40-60 UNI/KG,23436,Kilos,Kg netos del producto empacados en el mes*,4,2021,Quemchi
Media Concha,60-80 UNI/KG,28604,Kilos,Kg netos del producto empacados en el mes*,4,2021,Quemchi
Media Concha,80-100 UNI/KG,6141,Kilos,Kg netos del producto empacados en el mes*,4,2021,Quemchi
Media Concha,100 UP UNI/KG,,Kilos,Kg netos del producto empacados en el mes*,4,2021,Quemchi
Entero,NATURAL,374656,Kilos,Kg netos del producto empacados en el mes*,4,2021,Quemchi
Entero,CON SALSA,,Kilos,Kg netos del producto empacados en el mes*,4,2021,Quemchi
Entero,NATURAL,,Kilos,Kg netos del producto empacados en el mes*,4,2021,Quemchi
Entero,CON SALSA,,Kilos,Kg netos del producto empacados en el mes*,4,2021,Quemchi
Rendimiento Olla mmpp Propia,,0.27,%,Proporción de carne en base a kilos mmpp propia ingresada a planta del mes**,4,2021,Quemchi
Rendimiento Olla mmpp Terceros,,0.262,%,Proporción de carne en base a kilos mmpp de terceros ingresada a planta del mes**,4,2021,Quemchi
Carne,50-100 UNI/KG,0,Kilos,Kg netos del producto empacados en el mes*,6,2021,Quemchi
Carne,100-200 UNI/KG,57030,Kilos,Kg netos del producto empacados en el mes*,6,2021,Quemchi
Carne,200-300 UNI/KG,627920,Kilos,Kg netos del producto empacados en el mes*,6,2021,Quemchi
Carne,300-500 UNI/KG,299260,Kilos,Kg netos del producto empacados en el mes*,6,2021,Quemchi
Carne,500-1000 UNI/KG,0,Kilos,Kg netos del producto empacados en el mes*,6,2021,Quemchi
Carne,INDUSTRIAL,31240,Kilos,Kg netos del producto empacados en el mes*,6,2021,Quemchi
Media Concha,40-60 UNI/KG,0,Kilos,Kg netos del producto empacados en el mes*,6,2021,Quemchi
Media Concha,60-80 UNI/KG,0,Kilos,Kg netos del producto empacados en el mes*,6,2021,Quemchi
Media Concha,80-100 UNI/KG,0,Kilos,Kg netos del producto empacados en el mes*,6,2021,Quemchi
Media Concha,100 UP UNI/KG,0,Kilos,Kg netos del producto empacados en el mes*,6,2021,Quemchi
Entero,NATURAL,0,Kilos,Kg netos del producto empacados en el mes*,6,2021,Quemchi
Entero,CON SALSA,0,Kilos,Kg netos del producto empacados en el mes*,6,2021,Quemchi
Entero,NATURAL,0,Kilos,Kg netos del producto empacados en el mes*,6,2021,Quemchi
Entero,CON SALSA,0,Kilos,Kg netos del producto empacados en el mes*,6,2021,Quemchi
Rendimiento Olla mmpp Propia,,0.249,%,Proporción de carne en base a kilos mmpp propia ingresada a planta del mes**,6,2021,Quemchi
Rendimiento Olla mmpp Terceros,,0.231,%,Proporción de carne en base a kilos mmpp de terceros ingresada a planta del mes**,6,2021,Quemchi
Carne,50-100 UNI/KG,0,Kilos,Kg netos del producto empacados en el mes*,5,2021,Quemchi
Carne,100-200 UNI/KG,133110,Kilos,Kg netos del producto empacados en el mes*,5,2021,Quemchi
Carne,200-300 UNI/KG,601850,Kilos,Kg netos del producto empacados en el mes*,5,2021,Quemchi
Carne,300-500 UNI/KG,282660,Kilos,Kg netos del producto empacados en el mes*,5,2021,Quemchi
Carne,500-1000 UNI/KG,0,Kilos,Kg netos del producto empacados en el mes*,5,2021,Quemchi
Carne,INDUSTRIAL,33670,Kilos,Kg netos del producto empacados en el mes*,5,2021,Quemchi
Media Concha,40-60 UNI/KG,0,Kilos,Kg netos del producto empacados en el mes*,5,2021,Quemchi
Media Concha,60-80 UNI/KG,0,Kilos,Kg netos del producto empacados en el mes*,5,2021,Quemchi
Media Concha,80-100 UNI/KG,0,Kilos,Kg netos del producto empacados en el mes*,5,2021,Quemchi
Media Concha,100 UP UNI/KG,0,Kilos,Kg netos del producto empacados en el mes*,5,2021,Quemchi
Entero,NATURAL,0,Kilos,Kg netos del producto empacados en el mes*,5,2021,Quemchi
Entero,CON SALSA,0,Kilos,Kg netos del producto empacados en el mes*,5,2021,Quemchi
Entero,NATURAL,0,Kilos,Kg netos del producto empacados en el mes*,5,2021,Quemchi
Entero,CON SALSA,0,Kilos,Kg netos del producto empacados en el mes*,5,2021,Quemchi
Rendimiento Olla mmpp Propia,,0.261,%,Proporción de carne en base a kilos mmpp propia ingresada a planta del mes**,5,2021,Quemchi
Rendimiento Olla mmpp Terceros,,0.263,%,Proporción de carne en base a kilos mmpp de terceros ingresada a planta del mes**,5,2021,Quemchi
Carne,50-100 UNI/KG,0,Kilos,Kg netos del producto empacados en el mes*,1,2021,Quemchi
Carne,100-200 UNI/KG,400020,Kilos,Kg netos del producto empacados en el mes*,1,2021,Quemchi
Carne,200-300 UNI/KG,289280,Kilos,Kg netos del producto empacados en el mes*,1,2021,Quemchi
Carne,300-500 UNI/KG,100920,Kilos,Kg netos del producto empacados en el mes*,1,2021,Quemchi
Carne,500-1000 UNI/KG,0,Kilos,Kg netos del producto empacados en el mes*,1,2021,Quemchi
Carne,INDUSTRIAL,56720,Kilos,Kg netos del producto empacados en el mes*,1,2021,Quemchi
Media Concha,40-60 UNI/KG,0,Kilos,Kg netos del producto empacados en el mes*,1,2021,Quemchi
Media Concha,60-80 UNI/KG,0,Kilos,Kg netos del producto empacados en el mes*,1,2021,Quemchi
Media Concha,80-100 UNI/KG,0,Kilos,Kg netos del producto empacados en el mes*,1,2021,Quemchi
Media Concha,100 UP UNI/KG,0,Kilos,Kg netos del producto empacados en el mes*,1,2021,Quemchi
Entero,NATURAL,0,Kilos,Kg netos del producto empacados en el mes*,1,2021,Quemchi
Entero,CON SALSA,0,Kilos,Kg netos del producto empacados en el mes*,1,2021,Quemchi
Entero,NATURAL,0,Kilos,Kg netos del producto empacados en el mes*,1,2021,Quemchi
Entero,CON SALSA,0,Kilos,Kg netos del producto empacados en el mes*,1,2021,Quemchi
Rendimiento Olla mmpp Propia,,0.275,%,Proporción de carne en base a kilos mmpp propia ingresada a planta del mes**,1,2021,Quemchi
Rendimiento Olla mmpp Terceros,,0.302,%,Proporción de carne en base a kilos mmpp de terceros ingresada a planta del mes**,1,2021,Quemchi
Carne,50-100 UNI/KG,0,Kilos,Kg netos del producto empacados en el mes*,8,2021,Quemchi
Carne,100-200 UNI/KG,50000,Kilos,Kg netos del producto empacados en el mes*,8,2021,Quemchi
Carne,200-300 UNI/KG,92890,Kilos,Kg netos del producto empacados en el mes*,8,2021,Quemchi
Carne,300-500 UNI/KG,330400,Kilos,Kg netos del producto empacados en el mes*,8,2021,Quemchi
Carne,500-1000 UNI/KG,0,Kilos,Kg netos del producto empacados en el mes*,8,2021,Quemchi
Carne,INDUSTRIAL,25560,Kilos,Kg netos del producto empacados en el mes*,8,2021,Quemchi
Media Concha,40-60 UNI/KG,0,Kilos,Kg netos del producto empacados en el mes*,8,2021,Quemchi
Media Concha,60-80 UNI/KG,0,Kilos,Kg netos del producto empacados en el mes*,8,2021,Quemchi
Media Concha,80-100 UNI/KG,0,Kilos,Kg netos del producto empacados en el mes*,8,2021,Quemchi
Media Concha,100 UP UNI/KG,0,Kilos,Kg netos del producto empacados en el mes*,8,2021,Quemchi
Entero,NATURAL,0,Kilos,Kg netos del producto empacados en el mes*,8,2021,Quemchi
Entero,CON SALSA,0,Kilos,Kg netos del producto empacados en el mes*,8,2021,Quemchi
Entero,NATURAL,0,Kilos,Kg netos del producto empacados en el mes*,8,2021,Quemchi
Entero,CON SALSA,0,Kilos,Kg netos del producto empacados en el mes*,8,2021,Quemchi
Rendimiento Olla mmpp Propia,,0,%,Proporción de carne en base a kilos mmpp propia ingresada a planta del mes**,8,2021,Quemchi
Rendimiento Olla mmpp Terceros,,0.174,%,Proporción de carne en base a kilos mmpp de terceros ingresada a planta del mes**,8,2021,Quemchi
Carne,50-100 UNI/KG,0,Kilos,Kg netos del producto empacados en el mes*,2,2021,Quemchi
Carne,100-200 UNI/KG,472240,Kilos,Kg netos del producto empacados en el mes*,2,2021,Quemchi
Carne,200-300 UNI/KG,334730,Kilos,Kg netos del producto empacados en el mes*,2,2021,Quemchi
Carne,300-500 UNI/KG,83460,Kilos,Kg netos del producto empacados en el mes*,2,2021,Quemchi
Carne,500-1000 UNI/KG,0,Kilos,Kg netos del producto empacados en el mes*,2,2021,Quemchi
Carne,INDUSTRIAL,43580,Kilos,Kg netos del producto empacados en el mes*,2,2021,Quemchi
Media Concha,40-60 UNI/KG,0,Kilos,Kg netos del producto empacados en el mes*,2,2021,Quemchi
Media Concha,60-80 UNI/KG,0,Kilos,Kg netos del producto empacados en el mes*,2,2021,Quemchi
Media Concha,80-100 UNI/KG,0,Kilos,Kg netos del producto empacados en el mes*,2,2021,Quemchi
Media Concha,100 UP UNI/KG,0,Kilos,Kg netos del producto empacados en el mes*,2,2021,Quemchi
Entero,NATURAL,0,Kilos,Kg netos del producto empacados en el mes*,2,2021,Quemchi
Entero,CON SALSA,0,Kilos,Kg netos del producto empacados en el mes*,2,2021,Quemchi
Entero,NATURAL,0,Kilos,Kg netos del producto empacados en el mes*,2,2021,Quemchi
Entero,CON SALSA,0,Kilos,Kg netos del producto empacados en el mes*,2,2021,Quemchi
Rendimiento Olla mmpp Propia,,0.332,%,Proporción de carne en base a kilos mmpp propia ingresada a planta del mes**,2,2021,Quemchi
Rendimiento Olla mmpp Terceros,,0.326,%,Proporción de carne en base a kilos mmpp de terceros ingresada a planta del mes**,2,2021,Quemchi
Carne,50-100 UNI/KG,0,Kilos,Kg netos del producto empacados en el mes*,7,2021,Quemchi
Carne,100-200 UNI/KG,137260,Kilos,Kg netos del producto empacados en el mes*,7,2021,Quemchi
Carne,200-300 UNI/KG,353190,Kilos,Kg netos del producto empacados en el mes*,7,2021,Quemchi
Carne,300-500 UNI/KG,510380,Kilos,Kg netos del producto empacados en el mes*,7,2021,Quemchi
Carne,500-1000 UNI/KG,0,Kilos,Kg netos del producto empacados en el mes*,7,2021,Quemchi
Carne,INDUSTRIAL,35070,Kilos,Kg netos del producto empacados en el mes*,7,2021,Quemchi
Media Concha,40-60 UNI/KG,0,Kilos,Kg netos del producto empacados en el mes*,7,2021,Quemchi
Media Concha,60-80 UNI/KG,0,Kilos,Kg netos del producto empacados en el mes*,7,2021,Quemchi
Media Concha,80-100 UNI/KG,0,Kilos,Kg netos del producto empacados en el mes*,7,2021,Quemchi
Media Concha,100 UP UNI/KG,0,Kilos,Kg netos del producto empacados en el mes*,7,2021,Quemchi
Entero,NATURAL,0,Kilos,Kg netos del producto empacados en el mes*,7,2021,Quemchi
Entero,CON SALSA,0,Kilos,Kg netos del producto empacados en el mes*,7,2021,Quemchi
Entero,NATURAL,0,Kilos,Kg netos del producto empacados en el mes*,7,2021,Quemchi
Entero,CON SALSA,0,Kilos,Kg netos del producto empacados en el mes*,7,2021,Quemchi
Rendimiento Olla mmpp Propia,,0.215,%,Proporción de carne en base a kilos mmpp propia ingresada a planta del mes**,7,2021,Quemchi
Rendimiento Olla mmpp Terceros,,0.201,%,Proporción de carne en base a kilos mmpp de terceros ingresada a planta del mes**,7,2021,Quemchi
Carne,50-100 UNI/KG,0,Kilos,Kg netos del producto empacados en el mes*,3,2021,Quemchi
Carne,100-200 UNI/KG,435460,Kilos,Kg netos del producto empacados en el mes*,3,2021,Quemchi
Carne,200-300 UNI/KG,427860,Kilos,Kg netos del producto empacados en el mes*,3,2021,Quemchi
Carne,300-500 UNI/KG,141780,Kilos,Kg netos del producto empacados en el mes*,3,2021,Quemchi
Carne,500-1000 UNI/KG,0,Kilos,Kg netos del producto empacados en el mes*,3,2021,Quemchi
Carne,INDUSTRIAL,44300,Kilos,Kg netos del producto empacados en el mes*,3,2021,Quemchi
Media Concha,40-60 UNI/KG,0,Kilos,Kg netos del producto empacados en el mes*,3,2021,Quemchi
Media Concha,60-80 UNI/KG,0,Kilos,Kg netos del producto empacados en el mes*,3,2021,Quemchi
Media Concha,80-100 UNI/KG,0,Kilos,Kg netos del producto empacados en el mes*,3,2021,Quemchi
Media Concha,100 UP UNI/KG,0,Kilos,Kg netos del producto empacados en el mes*,3,2021,Quemchi
Entero,NATURAL,0,Kilos,Kg netos del producto empacados en el mes*,3,2021,Quemchi
Entero,CON SALSA,0,Kilos,Kg netos del producto empacados en el mes*,3,2021,Quemchi
Entero,NATURAL,0,Kilos,Kg netos del producto empacados en el mes*,3,2021,Quemchi
Entero,CON SALSA,0,Kilos,Kg netos del producto empacados en el mes*,3,2021,Quemchi
Rendimiento Olla mmpp Propia,,0.257,%,Proporción de carne en base a kilos mmpp propia ingresada a planta del mes**,3,2021,Quemchi
Rendimiento Olla mmpp Terceros,,0.333,%,Proporción de carne en base a kilos mmpp de terceros ingresada a planta del mes**,3,2021,Quemchi
Carne,50-100 UNI/KG,0,Kilos,Kg netos del producto empacados en el mes*,4,2021,Quemchi
Carne,100-200 UNI/KG,378230,Kilos,Kg netos del producto empacados en el mes*,4,2021,Quemchi
Carne,200-300 UNI/KG,531560,Kilos,Kg netos del producto empacados en el mes*,4,2021,Quemchi
Carne,300-500 UNI/KG,177340,Kilos,Kg netos del producto empacados en el mes*,4,2021,Quemchi
Carne,500-1000 UNI/KG,0,Kilos,Kg netos del producto empacados en el mes*,4,2021,Quemchi
Carne,INDUSTRIAL,35470,Kilos,Kg netos del producto empacados en el mes*,4,2021,Quemchi
Media Concha,40-60 UNI/KG,0,Kilos,Kg netos del producto empacados en el mes*,4,2021,Quemchi
Media Concha,60-80 UNI/KG,0,Kilos,Kg netos del producto empacados en el mes*,4,2021,Quemchi
Media Concha,80-100 UNI/KG,0,Kilos,Kg netos del producto empacados en el mes*,4,2021,Quemchi
Media Concha,100 UP UNI/KG,0,Kilos,Kg netos del producto empacados en el mes*,4,2021,Quemchi
Entero,NATURAL,0,Kilos,Kg netos del producto empacados en el mes*,4,2021,Quemchi
Entero,CON SALSA,0,Kilos,Kg netos del producto empacados en el mes*,4,2021,Quemchi
Entero,NATURAL,0,Kilos,Kg netos del producto empacados en el mes*,4,2021,Quemchi
Entero,CON SALSA,0,Kilos,Kg netos del producto empacados en el mes*,4,2021,Quemchi
Rendimiento Olla mmpp Propia,,0.291,%,Proporción de carne en base a kilos mmpp propia ingresada a planta del mes**,4,2021,Quemchi
Rendimiento Olla mmpp Terceros,,0.292,%,Proporción de carne en base a kilos mmpp de terceros ingresada a planta del mes**,4,2021,Quemchi
Carne,50-100 UNI/KG,0.0,Kilos,Kg netos del producto empacados en el mes*,6,2021,Quemchi
Media Concha,40-60 UNI/KG,0.0,Kilos,Kg netos del producto empacados en el mes*,6,2021,Quemchi
Entero,NATURAL,354956.0,Kilos,Kg netos del producto empacados en el mes*,6,2021,Quemchi
Entero,NATURAL,0.0,Kilos,Kg netos del producto empacados en el mes*,6,2021,Quemchi
Rendimiento Olla mmpp Propia,,0.2102,%,Proporción de carne en base a kilos mmpp propia ingresada a planta del mes**,6,2021,Quemchi
Rendimiento Olla mmpp Terceros,,0.2367,%,Proporción de carne en base a kilos mmpp de terceros ingresada a planta del mes**,6,2021,Quemchi
Carne,50-100 UNI/KG,0.0,Kilos,Kg netos del producto empacados en el mes*,5,2021,Quemchi
Media Concha,40-60 UNI/KG,0.0,Kilos,Kg netos del producto empacados en el mes*,5,2021,Quemchi
Entero,NATURAL,453738.0,Kilos,Kg netos del producto empacados en el mes*,5,2021,Quemchi
Entero,NATURAL,0.0,Kilos,Kg netos del producto empacados en el mes*,5,2021,Quemchi
Rendimiento Olla mmpp Propia,,0.2181,%,Proporción de carne en base a kilos mmpp propia ingresada a planta del mes**,5,2021,Quemchi
Rendimiento Olla mmpp Terceros,,0.2657,%,Proporción de carne en base a kilos mmpp de terceros ingresada a planta del mes**,5,2021,Quemchi
Carne,50-100 UNI/KG,0.0,Kilos,Kg netos del producto empacados en el mes*,1,2021,Quemchi
Carne,100-200 UNI/KG,213680.0,Kilos,Kg netos del producto empacados en el mes*,1,2021,Quemchi
Carne,200-300 UNI/KG,281730.0,Kilos,Kg netos del producto empacados en el mes*,1,2021,Quemchi
Carne,300-500 UNI/KG,105300.0,Kilos,Kg netos del producto empacados en el mes*,1,2021,Quemchi
Carne,500-1000 UNI/KG,8520.0,Kilos,Kg netos del producto empacados en el mes*,1,2021,Quemchi
Carne,INDUSTRIAL,95480.0,Kilos,Kg netos del producto empacados en el mes*,1,2021,Quemchi
Media Concha,40-60 UNI/KG,0.0,Kilos,Kg netos del producto empacados en el mes*,1,2021,Quemchi
Media Concha,60-80 UNI/KG,0.0,Kilos,Kg netos del producto empacados en el mes*,1,2021,Quemchi
Media Concha,80-100 UNI/KG,0.0,Kilos,Kg netos del producto empacados en el mes*,1,2021,Quemchi
Media Concha,100 UP UNI/KG,0.0,Kilos,Kg netos del producto empacados en el mes*,1,2021,Quemchi
Entero,NATURAL,421568.0,Kilos,Kg netos del producto empacados en el mes*,1,2021,Quemchi
Entero,CON SALSA,143873.0,Kilos,Kg netos del producto empacados en el mes*,1,2021,Quemchi
Entero,NATURAL,0.0,Kilos,Kg netos del producto empacados en el mes*,1,2021,Quemchi
Entero,CON SALSA,0.0,Kilos,Kg netos del producto empacados en el mes*,1,2021,Quemchi
Rendimiento Olla mmpp Propia,,0.2742,%,Proporción de carne en base a kilos mmpp propia ingresada a planta del mes**,1,2021,Quemchi
Rendimiento Olla mmpp Terceros,,0.2743,%,Proporción de carne en base a kilos mmpp de terceros ingresada a planta del mes**,1,2021,Quemchi
Carne,50-100 UNI/KG,0.0,Kilos,Kg netos del producto empacados en el mes*,8,2021,Quemchi
Carne,100-200 UNI/KG,11.3,Kilos,Kg netos del producto empacados en el mes*,8,2021,Quemchi
Carne,200-300 UNI/KG,101.7,Kilos,Kg netos del producto empacados en el mes*,8,2021,Quemchi
Carne,300-500 UNI/KG,120.0,Kilos,Kg netos del producto empacados en el mes*,8,2021,Quemchi
Carne,500-1000 UNI/KG,22.2,Kilos,Kg netos del producto empacados en el mes*,8,2021,Quemchi
Carne,INDUSTRIAL,26.0,Kilos,Kg netos del producto empacados en el mes*,8,2021,Quemchi
Media Concha,40-60 UNI/KG,0.0,Kilos,Kg netos del producto empacados en el mes*,8,2021,Quemchi
Media Concha,60-80 UNI/KG,0.0,Kilos,Kg netos del producto empacados en el mes*,8,2021,Quemchi
Media Concha,80-100 UNI/KG,0.0,Kilos,Kg netos del producto empacados en el mes*,8,2021,Quemchi
Media Concha,100 UP UNI/KG,0.0,Kilos,Kg netos del producto empacados en el mes*,8,2021,Quemchi
Entero,NATURAL,158.4,Kilos,Kg netos del producto empacados en el mes*,8,2021,Quemchi
Entero,CON SALSA,156.0,Kilos,Kg netos del producto empacados en el mes*,8,2021,Quemchi
Entero,NATURAL,0.0,Kilos,Kg netos del producto empacados en el mes*,8,2021,Quemchi
Entero,CON SALSA,0.0,Kilos,Kg netos del producto empacados en el mes*,8,2021,Quemchi
Rendimiento Olla mmpp Propia,,0.184,%,Proporción de carne en base a kilos mmpp propia ingresada a planta del mes**,8,2021,Quemchi
Rendimiento Olla mmpp Terceros,,0.199,%,Proporción de carne en base a kilos mmpp de terceros ingresada a planta del mes**,8,2021,Quemchi
Carne,50-100 UNI/KG,0.0,Kilos,Kg netos del producto empacados en el mes*,2,2021,Quemchi
Carne,100-200 UNI/KG,183260.0,Kilos,Kg netos del producto empacados en el mes*,2,2021,Quemchi
Carne,200-300 UNI/KG,318150.0,Kilos,Kg netos del producto empacados en el mes*,2,2021,Quemchi
Carne,300-500 UNI/KG,126820.0,Kilos,Kg netos del producto empacados en el mes*,2,2021,Quemchi
Carne,500-1000 UNI/KG,15850.0,Kilos,Kg netos del producto empacados en el mes*,2,2021,Quemchi
Carne,INDUSTRIAL,89730.0,Kilos,Kg netos del producto empacados en el mes*,2,2021,Quemchi
Media Concha,40-60 UNI/KG,0.0,Kilos,Kg netos del producto empacados en el mes*,2,2021,Quemchi
Media Concha,60-80 UNI/KG,0.0,Kilos,Kg netos del producto empacados en el mes*,2,2021,Quemchi
Media Concha,80-100 UNI/KG,0.0,Kilos,Kg netos del producto empacados en el mes*,2,2021,Quemchi
Media Concha,100 UP UNI/KG,0.0,Kilos,Kg netos del producto empacados en el mes*,2,2021,Quemchi
Entero,NATURAL,350200.0,Kilos,Kg netos del producto empacados en el mes*,2,2021,Quemchi
Entero,CON SALSA,233900.0,Kilos,Kg netos del producto empacados en el mes*,2,2021,Quemchi
Entero,NATURAL,0.0,Kilos,Kg netos del producto empacados en el mes*,2,2021,Quemchi
Entero,CON SALSA,0.0,Kilos,Kg netos del producto empacados en el mes*,2,2021,Quemchi
Rendimiento Olla mmpp Propia,,0.2782,%,Proporción de carne en base a kilos mmpp propia ingresada a planta del mes**,2,2021,Quemchi
Rendimiento Olla mmpp Terceros,,0.3071,%,Proporción de carne en base a kilos mmpp de terceros ingresada a planta del mes**,2,2021,Quemchi
Carne,50-100 UNI/KG,0.0,Kilos,Kg netos del producto empacados en el mes*,7,2021,Quemchi
Media Concha,40-60 UNI/KG,0.0,Kilos,Kg netos del producto empacados en el mes*,7,2021,Quemchi
Entero,NATURAL,414043.0,Kilos,Kg netos del producto empacados en el mes*,7,2021,Quemchi
Entero,NATURAL,0.0,Kilos,Kg netos del producto empacados en el mes*,7,2021,Quemchi
Rendimiento Olla mmpp Propia,,0.1965,%,Proporción de carne en base a kilos mmpp propia ingresada a planta del mes**,7,2021,Quemchi
Rendimiento Olla mmpp Terceros,,0.2134,%,Proporción de carne en base a kilos mmpp de terceros ingresada a planta del mes**,7,2021,Quemchi
Carne,50-100 UNI/KG,0.0,Kilos,Kg netos del producto empacados en el mes*,3,2021,Quemchi
Media Concha,40-60 UNI/KG,0.0,Kilos,Kg netos del producto empacados en el mes*,3,2021,Quemchi
Entero,NATURAL,421568.0,Kilos,Kg netos del producto empacados en el mes*,3,2021,Quemchi
Entero,NATURAL,0.0,Kilos,Kg netos del producto empacados en el mes*,3,2021,Quemchi
Rendimiento Olla mmpp Propia,,0.2742,%,Proporción de carne en base a kilos mmpp propia ingresada a planta del mes**,3,2021,Quemchi
Rendimiento Olla mmpp Terceros,,0.2743,%,Proporción de carne en base a kilos mmpp de terceros ingresada a planta del mes**,3,2021,Quemchi
Carne,50-100 UNI/KG,0.0,Kilos,Kg netos del producto empacados en el mes*,4,2021,Quemchi
Media Concha,40-60 UNI/KG,0.0,Kilos,Kg netos del producto empacados en el mes*,4,2021,Quemchi
Entero,NATURAL,421379.0,Kilos,Kg netos del producto empacados en el mes*,4,2021,Quemchi
Entero,NATURAL,0.0,Kilos,Kg netos del producto empacados en el mes*,4,2021,Quemchi
Rendimiento Olla mmpp Propia,,0.2326,%,Proporción de carne en base a kilos mmpp propia ingresada a planta del mes**,4,2021,Quemchi
Rendimiento Olla mmpp Terceros,,0.2929,%,Proporción de carne en base a kilos mmpp de terceros ingresada a planta del mes**,4,2021,Quemchi
Carne,50-100 UNI/KG,0.0,Kilos,Kg netos del producto empacados en el mes*,9,2021,Manuelita
Media Concha,40-60 UNI/KG,0.0,Kilos,Kg netos del producto empacados en el mes*,9,2021,Manuelita
Entero,NATURAL,13983.64,Kilos,Kg netos del producto empacados en el mes*,9,2021,Manuelita
Entero,NATURAL,0.0,Kilos,Kg netos del producto empacados en el mes*,9,2021,Manuelita
Rendimiento Olla mmpp Propia,,0.21922661033031163,%,Proporción de carne en base a kilos mmpp propia ingresada a planta del mes**,9,2021,Manuelita
Rendimiento Olla mmpp Terceros,,0.1825694693501922,%,Proporción de carne en base a kilos mmpp de terceros ingresada a planta del mes**,9,2021,Manuelita
Carne,50-100 UNI/KG,0.0,Kilos,Kg netos del producto empacados en el mes*,6,2021,Manuelita
Media Concha,40-60 UNI/KG,0.0,Kilos,Kg netos del producto empacados en el mes*,6,2021,Manuelita
Entero,NATURAL,166930.32,Kilos,Kg netos del producto empacados en el mes*,6,2021,Manuelita
Entero,NATURAL,0.0,Kilos,Kg netos del producto empacados en el mes*,6,2021,Manuelita
Rendimiento Olla mmpp Propia,,0.246,%,Proporción de carne en base a kilos mmpp propia ingresada a planta del mes**,6,2021,Manuelita
Rendimiento Olla mmpp Terceros,,0.251,%,Proporción de carne en base a kilos mmpp de terceros ingresada a planta del mes**,6,2021,Manuelita
Carne,50-100 UNI/KG,0.0,Kilos,Kg netos del producto empacados en el mes*,5,2021,Manuelita
Media Concha,40-60 UNI/KG,0.0,Kilos,Kg netos del producto empacados en el mes*,5,2021,Manuelita
Entero,NATURAL,187851.46000000002,Kilos,Kg netos del producto empacados en el mes*,5,2021,Manuelita
Entero,NATURAL,0.0,Kilos,Kg netos del producto empacados en el mes*,5,2021,Manuelita
Rendimiento Olla mmpp Propia,,0.2645094927115857,%,Proporción de carne en base a kilos mmpp propia ingresada a planta del mes**,5,2021,Manuelita
Rendimiento Olla mmpp Terceros,,0.26075331752226893,%,Proporción de carne en base a kilos mmpp de terceros ingresada a planta del mes**,5,2021,Manuelita
Carne,50-100 UNI/KG,0.0,Kilos,Kg netos del producto empacados en el mes*,1,2021,Manuelita
Media Concha,40-60 UNI/KG,11470.0,Kilos,Kg netos del producto empacados en el mes*,1,2021,Manuelita
Entero,NATURAL,87165.88000000002,Kilos,Kg netos del producto empacados en el mes*,1,2021,Manuelita
Entero,NATURAL,0.0,Kilos,Kg netos del producto empacados en el mes*,1,2021,Manuelita
Rendimiento Olla mmpp Propia,,0.31499001804121113,%,Proporción de carne en base a kilos mmpp propia ingresada a planta del mes**,1,2021,Manuelita
Rendimiento Olla mmpp Terceros,,0.2594301139963583,%,Proporción de carne en base a kilos mmpp de terceros ingresada a planta del mes**,1,2021,Manuelita
Carne,50-100 UNI/KG,0.0,Kilos,Kg netos del producto empacados en el mes*,8,2021,Manuelita
Media Concha,40-60 UNI/KG,0.0,Kilos,Kg netos del producto empacados en el mes*,8,2021,Manuelita
Entero,NATURAL,136349.32,Kilos,Kg netos del producto empacados en el mes*,8,2021,Manuelita
Entero,NATURAL,0.0,Kilos,Kg netos del producto empacados en el mes*,8,2021,Manuelita
Rendimiento Olla mmpp Propia,,0.20770485269235972,%,Proporción de carne en base a kilos mmpp propia ingresada a planta del mes**,8,2021,Manuelita
Rendimiento Olla mmpp Terceros,,0.22914041878866384,%,Proporción de carne en base a kilos mmpp de terceros ingresada a planta del mes**,8,2021,Manuelita
Carne,50-100 UNI/KG,0.0,Kilos,Kg netos del producto empacados en el mes*,2,2021,Manuelita
Media Concha,40-60 UNI/KG,480.0,Kilos,Kg netos del producto empacados en el mes*,2,2021,Manuelita
Entero,NATURAL,88230.46,Kilos,Kg netos del producto empacados en el mes*,2,2021,Manuelita
Entero,NATURAL,0.0,Kilos,Kg netos del producto empacados en el mes*,2,2021,Manuelita
Rendimiento Olla mmpp Propia,,0.3048338231056477,%,Proporción de carne en base a kilos mmpp propia ingresada a planta del mes**,2,2021,Manuelita
Rendimiento Olla mmpp Terceros,,0.30080434501808734,%,Proporción de carne en base a kilos mmpp de terceros ingresada a planta del mes**,2,2021,Manuelita
Carne,50-100 UNI/KG,0.0,Kilos,Kg netos del producto empacados en el mes*,3,2021,Manuelita
Media Concha,40-60 UNI/KG,1670.0,Kilos,Kg netos del producto empacados en el mes*,3,2021,Manuelita
Entero,NATURAL,68185.90000000001,Kilos,Kg netos del producto empacados en el mes*,3,2021,Manuelita
Entero,NATURAL,0.0,Kilos,Kg netos del producto empacados en el mes*,3,2021,Manuelita
Rendimiento Olla mmpp Propia,,0.2759944743281165,%,Proporción de carne en base a kilos mmpp propia ingresada a planta del mes**,3,2021,Manuelita
Rendimiento Olla mmpp Terceros,,0.26647105529580983,%,Proporción de carne en base a kilos mmpp de terceros ingresada a planta del mes**,3,2021,Manuelita
Carne,50-100 UNI/KG,0.0,Kilos,Kg netos del producto empacados en el mes*,1,2021,Sudmaris
Media Concha,40-60 UNI/KG,6138.0,Kilos,Kg netos del producto empacados en el mes*,1,2021,Sudmaris
Entero,NATURAL,192210.06,Kilos,Kg netos del producto empacados en el mes*,1,2021,Sudmaris
Entero,NATURAL,0.0,Kilos,Kg netos del producto empacados en el mes*,1,2021,Sudmaris
Rendimiento Olla mmpp Propia,,0.2711,%,Proporción de carne en base a kilos mmpp propia ingresada a planta del mes**,1,2021,Sudmaris
Rendimiento Olla mmpp Terceros,,0.31,%,Proporción de carne en base a kilos mmpp de terceros ingresada a planta del mes**,1,2021,Sudmaris
Carne,50-100 UNI/KG,0.0,Kilos,Kg netos del producto empacados en el mes*,2,2021,Sudmaris
Media Concha,40-60 UNI/KG,14421.0,Kilos,Kg netos del producto empacados en el mes*,2,2021,Sudmaris
Entero,NATURAL,211841.58,Kilos,Kg netos del producto empacados en el mes*,2,2021,Sudmaris
Entero,NATURAL,0.0,Kilos,Kg netos del producto empacados en el mes*,2,2021,Sudmaris
Rendimiento Olla mmpp Propia,,0.2758,%,Proporción de carne en base a kilos mmpp propia ingresada a planta del mes**,2,2021,Sudmaris
Rendimiento Olla mmpp Terceros,,0.34731380753138075,%,Proporción de carne en base a kilos mmpp de terceros ingresada a planta del mes**,2,2021,Sudmaris
Media Concha,40-60 UNI/KG,0.0,Kilos,Kg netos del producto empacados en el mes*,2,2021,Sudmaris
Rendimiento Olla mmpp Propia,,0.0,%,Proporción de carne en base a kilos mmpp propia ingresada a planta del mes**,2,2021,Sudmaris
Rendimiento Olla mmpp Terceros,,0.0,%,Proporción de carne en base a kilos mmpp de terceros ingresada a planta del mes**,2,2021,Sudmaris
Carne,50-100 UNI/KG,0.0,Kilos,Kg netos del producto empacados en el mes*,3,2021,Sudmaris
Media Concha,40-60 UNI/KG,6897.0,Kilos,Kg netos del producto empacados en el mes*,3,2021,Sudmaris
Entero,NATURAL,271980.38,Kilos,Kg netos del producto empacados en el mes*,3,2021,Sudmaris
Entero,NATURAL,0.0,Kilos,Kg netos del producto empacados en el mes*,3,2021,Sudmaris
Rendimiento Olla mmpp Propia,,0.2787,%,Proporción de carne en base a kilos mmpp propia ingresada a planta del mes**,3,2021,Sudmaris
Rendimiento Olla mmpp Terceros,,0.3245,%,Proporción de carne en base a kilos mmpp de terceros ingresada a planta del mes**,3,2021,Sudmaris
Media Concha,40-60 UNI/KG,0.0,Kilos,Kg netos del producto empacados en el mes*,3,2021,Sudmaris
Rendimiento Olla mmpp Propia,,0.0,%,Proporción de carne en base a kilos mmpp propia ingresada a planta del mes**,3,2021,Sudmaris
Rendimiento Olla mmpp Terceros,,0.0,%,Proporción de carne en base a kilos mmpp de terceros ingresada a planta del mes**,3,2021,Sudmaris
Carne,50-100 UNI/KG,0.0,Kilos,Kg netos del producto empacados en el mes*,4,2021,Sudmaris
Media Concha,40-60 UNI/KG,4510.0,Kilos,Kg netos del producto empacados en el mes*,4,2021,Sudmaris
Entero,NATURAL,196889.36,Kilos,Kg netos del producto empacados en el mes*,4,2021,Sudmaris
Entero,NATURAL,0.0,Kilos,Kg netos del producto empacados en el mes*,4,2021,Sudmaris
Rendimiento Olla mmpp Propia,,0.2825,%,Proporción de carne en base a kilos mmpp propia ingresada a planta del mes**,4,2021,Sudmaris
Rendimiento Olla mmpp Terceros,,0.2903425925925927,%,Proporción de carne en base a kilos mmpp de terceros ingresada a planta del mes**,4,2021,Sudmaris
Media Concha,40-60 UNI/KG,0.0,Kilos,Kg netos del producto empacados en el mes*,4,2021,Sudmaris
Rendimiento Olla mmpp Propia,,0.0,%,Proporción de carne en base a kilos mmpp propia ingresada a planta del mes**,4,2021,Sudmaris
Rendimiento Olla mmpp Terceros,,0.0,%,Proporción de carne en base a kilos mmpp de terceros ingresada a planta del mes**,4,2021,Sudmaris
Carne,50-100 UNI/KG,0.0,Kilos,Kg netos del producto empacados en el mes*,5,2021,Sudmaris
Media Concha,40-60 UNI/KG,3564.0,Kilos,Kg netos del producto empacados en el mes*,5,2021,Sudmaris
Entero,NATURAL,159207.49,Kilos,Kg netos del producto empacados en el mes*,5,2021,Sudmaris
Entero,NATURAL,0.0,Kilos,Kg netos del producto empacados en el mes*,5,2021,Sudmaris
Rendimiento Olla mmpp Propia,,0.24657564575645757,%,Proporción de carne en base a kilos mmpp propia ingresada a planta del mes**,5,2021,Sudmaris
Rendimiento Olla mmpp Terceros,,0.26952879999999974,%,Proporción de carne en base a kilos mmpp de terceros ingresada a planta del mes**,5,2021,Sudmaris
Media Concha,40-60 UNI/KG,0.0,Kilos,Kg netos del producto empacados en el mes*,5,2021,Sudmaris
Rendimiento Olla mmpp Propia,,0.0,%,Proporción de carne en base a kilos mmpp propia ingresada a planta del mes**,5,2021,Sudmaris
Rendimiento Olla mmpp Terceros,,0.0,%,Proporción de carne en base a kilos mmpp de terceros ingresada a planta del mes**,5,2021,Sudmaris
Carne,50-100 UNI/KG,0.0,Kilos,Kg netos del producto empacados en el mes*,6,2021,Sudmaris
Media Concha,40-60 UNI/KG,4532.0,Kilos,Kg netos del producto empacados en el mes*,6,2021,Sudmaris
Entero,NATURAL,203453.14,Kilos,Kg netos del producto empacados en el mes*,6,2021,Sudmaris
Entero,NATURAL,0.0,Kilos,Kg netos del producto empacados en el mes*,6,2021,Sudmaris
Rendimiento Olla mmpp Propia,,0.2287,%,Proporción de carne en base a kilos mmpp propia ingresada a planta del mes**,6,2021,Sudmaris
Rendimiento Olla mmpp Terceros,,0.2781,%,Proporción de carne en base a kilos mmpp de terceros ingresada a planta del mes**,6,2021,Sudmaris
Media Concha,40-60 UNI/KG,0.0,Kilos,Kg netos del producto empacados en el mes*,6,2021,Sudmaris
Rendimiento Olla mmpp Propia,,0.0,%,Proporción de carne en base a kilos mmpp propia ingresada a planta del mes**,6,2021,Sudmaris
Rendimiento Olla mmpp Terceros,,0.0,%,Proporción de carne en base a kilos mmpp de terceros ingresada a planta del mes**,6,2021,Sudmaris
Carne,50-100 UNI/KG,0.0,Kilos,Kg netos del producto empacados en el mes*,7,2021,Sudmaris
Media Concha,40-60 UNI/KG,473.0,Kilos,Kg netos del producto empacados en el mes*,7,2021,Sudmaris
Entero,NATURAL,238478.97,Kilos,Kg netos del producto empacados en el mes*,7,2021,Sudmaris
Entero,NATURAL,0.0,Kilos,Kg netos del producto empacados en el mes*,7,2021,Sudmaris
Rendimiento Olla mmpp Propia,,0.20569753086419745,%,Proporción de carne en base a kilos mmpp propia ingresada a planta del mes**,7,2021,Sudmaris
Rendimiento Olla mmpp Terceros,,0.25738111888111903,%,Proporción de carne en base a kilos mmpp de terceros ingresada a planta del mes**,7,2021,Sudmaris
Media Concha,40-60 UNI/KG,0.0,Kilos,Kg netos del producto empacados en el mes*,7,2021,Sudmaris
Rendimiento Olla mmpp Propia,,0.0,%,Proporción de carne en base a kilos mmpp propia ingresada a planta del mes**,7,2021,Sudmaris
Rendimiento Olla mmpp Terceros,,0.0,%,Proporción de carne en base a kilos mmpp de terceros ingresada a planta del mes**,7,2021,Sudmaris
Carne,50-100 UNI/KG,0.0,Kilos,Kg netos del producto empacados en el mes*,8,2021,Sudmaris
Media Concha,40-60 UNI/KG,99.0,Kilos,Kg netos del producto empacados en el mes*,8,2021,Sudmaris
Entero,NATURAL,296414.0,Kilos,Kg netos del producto empacados en el mes*,8,2021,Sudmaris
Entero,NATURAL,0.0,Kilos,Kg netos del producto empacados en el mes*,8,2021,Sudmaris
Rendimiento Olla mmpp Propia,,0.22375757575757574,%,Proporción de carne en base a kilos mmpp propia ingresada a planta del mes**,8,2021,Sudmaris
Rendimiento Olla mmpp Terceros,,0.23223076923076932,%,Proporción de carne en base a kilos mmpp de terceros ingresada a planta del mes**,8,2021,Sudmaris
Media Concha,40-60 UNI/KG,0.0,Kilos,Kg netos del producto empacados en el mes*,8,2021,Sudmaris
Rendimiento Olla mmpp Propia,,0.0,%,Proporción de carne en base a kilos mmpp propia ingresada a planta del mes**,8,2021,Sudmaris
Rendimiento Olla mmpp Terceros,,0.0,%,Proporción de carne en base a kilos mmpp de terceros ingresada a planta del mes**,8,2021,Sudmaris
Carne,50-100 UNI/KG,0.0,Kilos,Kg netos del producto empacados en el mes*,9,2021,Sudmaris
Media Concha,40-60 UNI/KG,0.0,Kilos,Kg netos del producto empacados en el mes*,9,2021,Sudmaris
Entero,NATURAL,247903.46,Kilos,Kg netos del producto empacados en el mes*,9,2021,Sudmaris
Entero,NATURAL,0.0,Kilos,Kg netos del producto empacados en el mes*,9,2021,Sudmaris
Rendimiento Olla mmpp Propia,,0.0,%,Proporción de carne en base a kilos mmpp propia ingresada a planta del mes**,9,2021,Sudmaris
Rendimiento Olla mmpp Terceros,,0.2109,%,Proporción de carne en base a kilos mmpp de terceros ingresada a planta del mes**,9,2021,Sudmaris
Rendimiento Olla mmpp Terceros,,0.0,%,Proporción de carne en base a kilos mmpp de terceros ingresada a planta del mes**,9,2021,Sudmaris
Carne,50-100 UNI/KG,0.0,Kilos,Kg netos del producto empacados en el mes*,10,2021,Sudmaris
Media Concha,40-60 UNI/KG,0.0,Kilos,Kg netos del producto empacados en el mes*,10,2021,Sudmaris
Entero,NATURAL,0.0,Kilos,Kg netos del producto empacados en el mes*,10,2021,Sudmaris
Rendimiento Olla mmpp Propia,,0.0,%,Proporción de carne en base a kilos mmpp propia ingresada a planta del mes**,10,2021,Sudmaris
Rendimiento Olla mmpp Terceros,,0.0,%,Proporción de carne en base a kilos mmpp de terceros ingresada a planta del mes**,10,2021,Sudmaris
Carne,50-100 UNI/KG,0.0,Kilos,Kg netos del producto empacados en el mes*,11,2021,Sudmaris
Media Concha,40-60 UNI/KG,0.0,Kilos,Kg netos del producto empacados en el mes*,11,2021,Sudmaris
Entero,NATURAL,0.0,Kilos,Kg netos del producto empacados en el mes*,11,2021,Sudmaris
Rendimiento Olla mmpp Propia,,0.0,%,Proporción de carne en base a kilos mmpp propia ingresada a planta del mes**,11,2021,Sudmaris
Rendimiento Olla mmpp Terceros,,0.0,%,Proporción de carne en base a kilos mmpp de terceros ingresada a planta del mes**,11,2021,Sudmaris
Carne,50-100 UNI/KG,0.0,Kilos,Kg netos del producto empacados en el mes*,12,2021,Sudmaris
Media Concha,40-60 UNI/KG,0.0,Kilos,Kg netos del producto empacados en el mes*,12,2021,Sudmaris
Entero,NATURAL,0.0,Kilos,Kg netos del producto empacados en el mes*,12,2021,Sudmaris
Rendimiento Olla mmpp Propia,,0.0,%,Proporción de carne en base a kilos mmpp propia ingresada a planta del mes**,12,2021,Sudmaris
Rendimiento Olla mmpp Terceros,,0.0,%,Proporción de carne en base a kilos mmpp de terceros ingresada a planta del mes**,12,2021,Sudmaris
Carne,50-100 UNI/KG,0.0,Kilos,Kg netos del producto empacados en el mes*,1,2021,Sudmaris
Media Concha,40-60 UNI/KG,0.0,Kilos,Kg netos del producto empacados en el mes*,1,2021,Sudmaris
Entero,NATURAL,126474.0,Kilos,Kg netos del producto empacados en el mes*,1,2021,Sudmaris
Rendimiento Olla mmpp Propia,,0.288,%,Proporción de carne en base a kilos mmpp propia ingresada a planta del mes**,1,2021,Sudmaris
Rendimiento Olla mmpp Terceros,,0.312,%,Proporción de carne en base a kilos mmpp de terceros ingresada a planta del mes**,1,2021,Sudmaris
Carne,50-100 UNI/KG,0.0,Kilos,Kg netos del producto empacados en el mes*,2,2021,Sudmaris
Media Concha,40-60 UNI/KG,0.0,Kilos,Kg netos del producto empacados en el mes*,2,2021,Sudmaris
Entero,NATURAL,16070.0,Kilos,Kg netos del producto empacados en el mes*,2,2021,Sudmaris
Rendimiento Olla mmpp Propia,,0.292,%,Proporción de carne en base a kilos mmpp propia ingresada a planta del mes**,2,2021,Sudmaris
Rendimiento Olla mmpp Terceros,,0.336,%,Proporción de carne en base a kilos mmpp de terceros ingresada a planta del mes**,2,2021,Sudmaris
Carne,50-100 UNI/KG,0.0,Kilos,Kg netos del producto empacados en el mes*,3,2021,Sudmaris
Media Concha,40-60 UNI/KG,0.0,Kilos,Kg netos del producto empacados en el mes*,3,2021,Sudmaris
Entero,NATURAL,90729.0,Kilos,Kg netos del producto empacados en el mes*,3,2021,Sudmaris
Rendimiento Olla mmpp Propia,,0.273,%,Proporción de carne en base a kilos mmpp propia ingresada a planta del mes**,3,2021,Sudmaris
Rendimiento Olla mmpp Terceros,,0.288,%,Proporción de carne en base a kilos mmpp de terceros ingresada a planta del mes**,3,2021,Sudmaris
Carne,50-100 UNI/KG,0.0,Kilos,Kg netos del producto empacados en el mes*,4,2021,Sudmaris
Media Concha,40-60 UNI/KG,0.0,Kilos,Kg netos del producto empacados en el mes*,4,2021,Sudmaris
Entero,NATURAL,84367.0,Kilos,Kg netos del producto empacados en el mes*,4,2021,Sudmaris
Rendimiento Olla mmpp Propia,,0.236,%,Proporción de carne en base a kilos mmpp propia ingresada a planta del mes**,4,2021,Sudmaris
Rendimiento Olla mmpp Terceros,,0.271,%,Proporción de carne en base a kilos mmpp de terceros ingresada a planta del mes**,4,2021,Sudmaris
Carne,50-100 UNI/KG,0.0,Kilos,Kg netos del producto empacados en el mes*,5,2021,Sudmaris
Media Concha,40-60 UNI/KG,0.0,Kilos,Kg netos del producto empacados en el mes*,5,2021,Sudmaris
Entero,NATURAL,106624.0,Kilos,Kg netos del producto empacados en el mes*,5,2021,Sudmaris
Rendimiento Olla mmpp Propia,,0.211,%,Proporción de carne en base a kilos mmpp propia ingresada a planta del mes**,5,2021,Sudmaris
Rendimiento Olla mmpp Terceros,,0.24,%,Proporción de carne en base a kilos mmpp de terceros ingresada a planta del mes**,5,2021,Sudmaris
Carne,50-100 UNI/KG,0.0,Kilos,Kg netos del producto empacados en el mes*,6,2021,Sudmaris
Media Concha,40-60 UNI/KG,0.0,Kilos,Kg netos del producto empacados en el mes*,6,2021,Sudmaris
Entero,NATURAL,146998.0,Kilos,Kg netos del producto empacados en el mes*,6,2021,Sudmaris
Rendimiento Olla mmpp Propia,,0.209,%,Proporción de carne en base a kilos mmpp propia ingresada a planta del mes**,6,2021,Sudmaris
Rendimiento Olla mmpp Terceros,,0.234,%,Proporción de carne en base a kilos mmpp de terceros ingresada a planta del mes**,6,2021,Sudmaris
Carne,50-100 UNI/KG,0.0,Kilos,Kg netos del producto empacados en el mes*,7,2021,Sudmaris
Media Concha,40-60 UNI/KG,0.0,Kilos,Kg netos del producto empacados en el mes*,7,2021,Sudmaris
Entero,NATURAL,148262.0,Kilos,Kg netos del producto empacados en el mes*,7,2021,Sudmaris
Rendimiento Olla mmpp Propia,,0.18373429291671667,%,Proporción de carne en base a kilos mmpp propia ingresada a planta del mes**,7,2021,Sudmaris
Rendimiento Olla mmpp Terceros,,0.21272189322513005,%,Proporción de carne en base a kilos mmpp de terceros ingresada a planta del mes**,7,2021,Sudmaris
Carne,50-100 UNI/KG,0.0,Kilos,Kg netos del producto empacados en el mes*,8,2021,Sudmaris
Media Concha,40-60 UNI/KG,0.0,Kilos,Kg netos del producto empacados en el mes*,8,2021,Sudmaris
Entero,NATURAL,27082.0,Kilos,Kg netos del producto empacados en el mes*,8,2021,Sudmaris
Rendimiento Olla mmpp Propia,,0.16870902194873685,%,Proporción de carne en base a kilos mmpp propia ingresada a planta del mes**,8,2021,Sudmaris
Rendimiento Olla mmpp Terceros,,0.1983892672284347,%,Proporción de carne en base a kilos mmpp de terceros ingresada a planta del mes**,8,2021,Sudmaris
Carne,50-100 UNI/KG,0.0,Kilos,Kg netos del producto empacados en el mes*,9,2021,Sudmaris
Media Concha,40-60 UNI/KG,0.0,Kilos,Kg netos del producto empacados en el mes*,9,2021,Sudmaris
Entero,NATURAL,0.0,Kilos,Kg netos del producto empacados en el mes*,9,2021,Sudmaris
Rendimiento Olla mmpp Propia,,0.0,%,Proporción de carne en base a kilos mmpp propia ingresada a planta del mes**,9,2021,Sudmaris
Rendimiento Olla mmpp Terceros,,0.0,%,Proporción de carne en base a kilos mmpp de terceros ingresada a planta del mes**,9,2021,Sudmaris
Carne,50-100 UNI/KG,0.0,Kilos,Kg netos del producto empacados en el mes*,10,2021,Sudmaris
Media Concha,40-60 UNI/KG,0.0,Kilos,Kg netos del producto empacados en el mes*,10,2021,Sudmaris
Entero,NATURAL,0.0,Kilos,Kg netos del producto empacados en el mes*,10,2021,Sudmaris
Rendimiento Olla mmpp Propia,,0.0,%,Proporción de carne en base a kilos mmpp propia ingresada a planta del mes**,10,2021,Sudmaris
Rendimiento Olla mmpp Terceros,,0.0,%,Proporción de carne en base a kilos mmpp de terceros ingresada a planta del mes**,10,2021,Sudmaris
Carne,50-100 UNI/KG,0.0,Kilos,Kg netos del producto empacados en el mes*,11,2021,Sudmaris
Media Concha,40-60 UNI/KG,0.0,Kilos,Kg netos del producto empacados en el mes*,11,2021,Sudmaris
Entero,NATURAL,0.0,Kilos,Kg netos del producto empacados en el mes*,11,2021,Sudmaris
Rendimiento Olla mmpp Propia,,0.0,%,Proporción de carne en base a kilos mmpp propia ingresada a planta del mes**,11,2021,Sudmaris
Rendimiento Olla mmpp Terceros,,0.0,%,Proporción de carne en base a kilos mmpp de terceros ingresada a planta del mes**,11,2021,Sudmaris
Carne,50-100 UNI/KG,0.0,Kilos,Kg netos del producto empacados en el mes*,12,2021,Sudmaris
Media Concha,40-60 UNI/KG,0.0,Kilos,Kg netos del producto empacados en el mes*,12,2021,Sudmaris
Entero,NATURAL,0.0,Kilos,Kg netos del producto empacados en el mes*,12,2021,Sudmaris
Rendimiento Olla mmpp Propia,,0.0,%,Proporción de carne en base a kilos mmpp propia ingresada a planta del mes**,12,2021,Sudmaris
Rendimiento Olla mmpp Terceros,,0.0,%,Proporción de carne en base a kilos mmpp de terceros ingresada a planta del mes**,12,2021,Sudmaris
